Country Name,Country Code,Series Name,Series Code,1960 [YR1960],1961 [YR1961],1962 [YR1962],1963 [YR1963],1964 [YR1964],1965 [YR1965],1966 [YR1966],1967 [YR1967],1968 [YR1968],1969 [YR1969],1970 [YR1970],1971 [YR1971],1972 [YR1972],1973 [YR1973],1974 [YR1974],1975 [YR1975],1976 [YR1976],1977 [YR1977],1978 [YR1978],1979 [YR1979],1980 [YR1980],1981 [YR1981],1982 [YR1982],1983 [YR1983],1984 [YR1984],1985 [YR1985],1986 [YR1986],1987 [YR1987],1988 [YR1988],1989 [YR1989],1990 [YR1990],1991 [YR1991],1992 [YR1992],1993 [YR1993],1994 [YR1994],1995 [YR1995],1996 [YR1996],1997 [YR1997],1998 [YR1998],1999 [YR1999],2000 [YR2000],2001 [YR2001],2002 [YR2002],2003 [YR2003],2004 [YR2004],2005 [YR2005],2006 [YR2006],2007 [YR2007],2008 [YR2008],2009 [YR2009],2010 [YR2010],2011 [YR2011],2012 [YR2012],2013 [YR2013],2014 [YR2014],2015 [YR2015],2016 [YR2016],2017 [YR2017]
Afghanistan,AFG,"Central government debt, total (% of GDP)",GC.DOD.TOTL.GD.ZS,..,..,..,..,..,..,..,..,..,..,..,..,..,..,..,..,..,..,..,..,..,..,..,..,..,..,..,..,..,..,..,..,..,..,..,..,..,..,..,..,..,..,..,..,..,..,..,..,..,..,..,..,..,..,..,..,..,..
Albania,ALB,"Central government debt, total (% of GDP)",GC.DOD.TOTL.GD.ZS,..,..,..,..,..,..,..,..,..,..,..,..,..,..,..,..,..,..,..,..,..,..,..,..,..,..,..,..,..,..,..,..,..,..,..,35.2888834429933,36.1778716014616,50.826139598709,52.2577922655156,..,..,..,..,..,..,..,..,..,..,..,..,69.6376696171185,63.6691531516921,70.5545461096089,73.3667623917981,79.8403417679262,..,..
Algeria,DZA,"Central government debt, total (% of GDP)",GC.DOD.TOTL.GD.ZS,..,..,..,..,..,..,..,..,..,..,..,..,..,..,..,..,..,..,..,..,..,..,..,..,..,..,..,..,..,..,..,..,..,..,68.8616825279407,99.5659081603643,85.8360697984359,75.0533798466763,74.680407127762,80.4982991459258,62.0675974923447,56.9632259759297,47.3337891648573,..,..,..,..,..,..,..,..,..,..,..,..,..,..,..
American Samoa,ASM,"Central government debt, total (% of GDP)",GC.DOD.TOTL.GD.ZS,..,..,..,..,..,..,..,..,..,..,..,..,..,..,..,..,..,..,..,..,..,..,..,..,..,..,..,..,..,..,..,..,..,..,..,..,..,..,..,..,..,..,..,..,..,..,..,..,..,..,..,..,..,..,..,..,..,..
Andorra,AND,"Central government debt, total (% of GDP)",GC.DOD.TOTL.GD.ZS,..,..,..,..,..,..,..,..,..,..,..,..,..,..,..,..,..,..,..,..,..,..,..,..,..,..,..,..,..,..,..,..,..,..,..,..,..,..,..,..,..,..,..,..,..,..,..,..,..,..,..,..,..,..,..,..,..,..
Angola,AGO,"Central government debt, total (% of GDP)",GC.DOD.TOTL.GD.ZS,..,..,..,..,..,..,..,..,..,..,..,..,..,..,..,..,..,..,..,..,..,..,..,..,..,..,..,..,..,..,..,..,..,..,..,..,..,..,..,..,..,..,..,..,..,..,..,..,..,..,..,..,..,..,..,..,..,..
Antigua and Barbuda,ATG,"Central government debt, total (% of GDP)",GC.DOD.TOTL.GD.ZS,..,..,..,..,..,..,..,..,..,..,..,..,..,..,..,..,..,..,..,..,..,..,..,..,..,..,..,..,..,..,..,..,..,..,..,..,..,..,..,..,96.7694936392433,105.674995251582,114.030905847044,116.100861556213,133.286421096238,87.3106343199504,83.2525133697837,72.7495038248943,73.0971094936192,80.0664727583868,74.4756156265446,77.066873709288,71.8055935759728,77.7304322990521,82.9908658778777,..,..,..
Arab World,ARB,"Central government debt, total (% of GDP)",GC.DOD.TOTL.GD.ZS,..,..,..,..,..,..,..,..,..,..,..,..,..,..,..,..,..,..,..,..,..,..,..,..,..,..,..,..,..,..,..,..,..,..,..,..,..,..,..,..,..,..,..,..,..,..,..,..,..,..,..,..,..,..,..,..,..,..
Argentina,ARG,"Central government debt, total (% of GDP)",GC.DOD.TOTL.GD.ZS,..,..,..,..,..,..,..,..,..,..,..,..,..,..,..,..,..,..,..,..,..,..,..,..,..,..,..,..,..,..,..,..,..,..,..,..,..,..,..,..,..,..,..,..,..,..,..,..,..,..,..,..,..,..,..,..,..,..
Armenia,ARM,"Central government debt, total (% of GDP)",GC.DOD.TOTL.GD.ZS,..,..,..,..,..,..,..,..,..,..,..,..,..,..,..,..,..,..,..,..,..,..,..,..,..,..,..,..,..,..,..,..,..,..,..,..,..,..,..,..,..,..,..,..,..,..,..,..,..,..,..,..,..,..,..,..,..,..
Aruba,ABW,"Central government debt, total (% of GDP)",GC.DOD.TOTL.GD.ZS,..,..,..,..,..,..,..,..,..,..,..,..,..,..,..,..,..,..,..,..,..,..,..,..,..,..,..,..,..,..,..,..,..,..,..,..,..,..,..,..,..,..,..,..,..,..,..,..,..,..,..,..,..,..,..,..,..,..
Australia,AUS,"Central government debt, total (% of GDP)",GC.DOD.TOTL.GD.ZS,..,..,..,..,..,..,..,..,..,..,..,..,..,..,..,..,..,..,..,..,..,..,..,..,..,..,..,..,..,..,12.2276364103603,11.9154446808716,14.1379652324214,17.8602196734365,20.162881787633,21.667036178575,21.785203116326,20.8381935446822,16.8730933806588,31.1064412238325,29.574537236495,27.7745516555672,25.9868368716091,25.1625837245365,22.9408073818833,22.4956520325732,21.6033123075783,20.3045685279188,18.3744779688652,24.0772504923448,29.3408595553939,30.7208662249139,40.1142021302626,38.2578661354383,42.4355636061738,47.1682407595225,..,..
Austria,AUT,"Central government debt, total (% of GDP)",GC.DOD.TOTL.GD.ZS,..,..,..,..,..,..,..,..,..,..,..,..,..,..,..,..,..,..,..,..,..,..,..,..,..,..,..,..,..,..,..,..,..,..,..,..,..,..,..,64.0103770392766,64.1971157824073,64.6623050484226,67.1401329149261,66.2387878955268,65.9274287548971,73.8906976721207,70.0983833562245,66.5028669872817,71.767917002406,83.2331231081516,85.5284452401762,85.5238669387851,90.9982171877531,87.4699273015565,96.0173519812504,95.7062989024526,..,..
Azerbaijan,AZE,"Central government debt, total (% of GDP)",GC.DOD.TOTL.GD.ZS,..,..,..,..,..,..,..,..,..,..,..,..,..,..,..,..,..,..,..,..,..,..,..,..,..,..,..,..,..,..,..,..,..,..,..,..,..,..,..,..,..,..,..,..,..,..,..,..,4.57653797474662,6.29501240116287,6.38557579182856,..,..,..,..,..,..,..
"Bahamas, The",BHS,"Central government debt, total (% of GDP)",GC.DOD.TOTL.GD.ZS,..,..,..,..,..,..,..,..,..,..,..,..,..,..,..,..,..,..,..,..,..,..,..,..,..,..,..,..,..,..,24.4188250157928,27.9767032232351,30.6304277902863,34.4340232858991,34.8665234734581,33.9982502187227,34.2227763923525,27.728200029066,26.7427212430541,25.0698840459723,23.9350067767124,..,..,..,..,..,29.9573239288801,29.6826684373932,32.4833272705226,39.447199488491,42.9951327433628,45.0309505703422,46.5018930825098,55.0254283032152,59.8563471803203,63.8711316918907,..,..
Bahrain,BHR,"Central government debt, total (% of GDP)",GC.DOD.TOTL.GD.ZS,..,..,..,..,..,..,..,..,..,..,..,..,..,..,..,..,..,..,..,..,..,..,..,..,..,..,..,..,..,..,8.72736418511066,16.3795586794953,21.2998208687864,19.347414718969,17.8800029674213,16.986451622554,15.8131027247135,16.9605823750437,21.1646810889854,23.6915052697933,25.7449922277884,27.1047507060702,28.2658072668444,32.4533334441207,29.3985431420081,..,20.2537403526926,7.54545632569935,7.29263319916957,15.6294022913075,30.3067895852274,35.4667056789988,..,43.4580716093097,..,..,..,..
Bangladesh,BGD,"Central government debt, total (% of GDP)",GC.DOD.TOTL.GD.ZS,..,..,..,..,..,..,..,..,..,..,..,..,..,..,..,..,..,..,..,..,..,..,..,..,..,..,..,..,..,..,..,..,..,..,..,..,..,..,..,..,..,31.4618431575804,31.863991518402,31.2044521104432,..,..,..,..,..,..,..,..,..,..,..,..,..,..
Barbados,BRB,"Central government debt, total (% of GDP)",GC.DOD.TOTL.GD.ZS,..,..,..,..,..,..,..,..,..,..,..,..,..,..,..,..,..,..,..,..,..,..,..,..,..,..,..,..,..,..,..,..,..,..,..,..,..,..,..,..,..,..,..,..,..,62.5154985867173,61.1233206831752,68.7067702013255,74.0605953565699,84.3165344743276,97.5156592156157,107.118040835991,120.009050552266,128.915301747804,..,..,..,..
Belarus,BLR,"Central government debt, total (% of GDP)",GC.DOD.TOTL.GD.ZS,..,..,..,..,..,..,..,..,..,..,..,..,..,..,..,..,..,..,..,..,..,..,..,..,..,..,..,..,..,..,..,..,25.6354786371011,5.18613242398409,75.954859159679,16.8801162413326,11.5201168478601,12.1714657548549,20.1805397650197,15.1031189462403,15.0144518163306,11.440616774975,12.3366860124798,..,..,6.57022058767027,6.64440183178372,8.9092608163614,10.6566343685377,19.1851840087147,18.905245726907,39.4168108447656,24.4293134230567,23.8372955552391,24.5487262642116,37.5981780556757,..,..
Belgium,BEL,"Central government debt, total (% of GDP)",GC.DOD.TOTL.GD.ZS,..,..,..,..,..,..,..,..,..,..,..,..,..,..,..,..,..,..,..,..,..,..,..,..,..,..,..,..,..,..,..,..,..,..,..,124.90786901259,126.354353496832,123.075710644391,124.797924825287,114.017213918925,108.69265813332,108.065038587177,107.334888815786,101.421008313899,97.2410570631577,95.8748343479567,88.542495964485,82.803766843907,90.3067773474152,94.9078783786855,92.4043033380418,94.4946418439247,103.481261478756,101.580605762268,112.083405180918,109.554246639984,..,..
Belize,BLZ,"Central government debt, total (% of GDP)",GC.DOD.TOTL.GD.ZS,..,..,..,..,..,..,..,..,..,..,..,..,..,..,..,..,..,..,..,..,..,..,..,..,..,..,..,..,..,..,28.0634305774119,28.6434802063992,32.960172244819,35.3265313139531,37.1674972975588,36.3108902435642,38.8322873137738,..,..,..,..,..,67.2689137874747,87.9989232351151,103.990894700597,92.2030343040535,87.659006284849,84.7394266765455,78.7958631331596,82.0043797211915,80.167899034971,76.889388753964,74.4829076293098,77.1020319471482,76.4716418206069,..,..,..
Benin,BEN,"Central government debt, total (% of GDP)",GC.DOD.TOTL.GD.ZS,..,..,..,..,..,..,..,..,..,..,..,..,..,..,..,..,..,..,..,..,..,..,..,..,..,..,..,..,..,..,..,..,..,..,..,..,..,..,..,..,..,..,..,..,..,..,..,..,..,..,..,..,..,..,..,..,..,..
Bermuda,BMU,"Central government debt, total (% of GDP)",GC.DOD.TOTL.GD.ZS,..,..,..,..,..,..,..,..,..,..,..,..,..,..,..,..,..,..,..,..,..,..,..,..,..,..,..,..,..,..,..,..,..,..,..,..,..,..,..,..,..,..,..,..,..,..,..,..,..,..,..,..,..,..,..,..,..,..
Bhutan,BTN,"Central government debt, total (% of GDP)",GC.DOD.TOTL.GD.ZS,..,..,..,..,..,..,..,..,..,..,..,..,..,..,..,..,..,..,..,..,..,..,..,..,..,..,..,..,..,..,51.1880192526389,47.4653512960086,45.4804885550539,39.3324210003702,32.9392012291965,27.08988148767,36.299846850237,30.7408747223376,29.969266259208,34.3907413132198,39.1259100037186,69.9474057236416,56.368965196401,68.7892850163564,75.2359487498992,79.5339171539796,74.8832369378622,62.7952543120532,60.4102550051147,56.7763136832133,54.8829606742348,62.5299587992937,72.5156742224457,96.1392467526552,90.6514490680559,..,..,..
Bolivia,BOL,"Central government debt, total (% of GDP)",GC.DOD.TOTL.GD.ZS,..,..,..,..,..,..,..,..,..,..,..,..,..,..,..,..,..,..,..,..,..,..,..,..,..,..,..,..,..,..,..,..,..,..,59.1717239568102,57.411379214187,47.8828063678676,46.5365055204049,47.0751922918139,56.2575827502911,60.1091978561596,68.339852256336,..,..,..,..,..,..,..,..,..,..,..,..,..,..,..,..
Bosnia and Herzegovina,BIH,"Central government debt, total (% of GDP)",GC.DOD.TOTL.GD.ZS,..,..,..,..,..,..,..,..,..,..,..,..,..,..,..,..,..,..,..,..,..,..,..,..,..,..,..,..,..,..,..,..,..,..,..,..,..,..,..,..,..,..,..,..,..,..,..,..,..,..,..,45.8725272457137,49.1458416935329,46.0035935981208,50.0716048097141,..,..,..
Botswana,BWA,"Central government debt, total (% of GDP)",GC.DOD.TOTL.GD.ZS,..,..,..,..,..,..,..,..,..,..,..,..,..,..,..,..,..,..,..,..,..,..,..,..,..,..,..,..,..,..,11.3711032492715,12.1168020575228,12.5321505732804,12.4450599461028,12.0423976352474,10.972076070214,11.1567555492122,..,..,..,..,..,..,..,..,..,5.89360961421408,5.74118724929241,7.84730897264042,18.9731164738468,21.630688536512,20.3054389532609,19.5844495875786,18.2124296732496,17.4453597127119,..,..,..
Brazil,BRA,"Central government debt, total (% of GDP)",GC.DOD.TOTL.GD.ZS,..,..,..,..,..,..,..,..,..,..,..,..,..,..,..,..,..,..,..,..,..,..,..,..,..,..,..,..,..,..,..,..,..,..,..,..,..,..,..,..,..,..,..,..,..,..,63.9523542717218,62.4516820616242,60.6559322246457,63.8078342317627,61.3187804611479,59.3416583014604,59.8494899958247,57.228409380258,58.4572812214097,67.4836979626527,..,..
British Virgin Islands,VGB,"Central government debt, total (% of GDP)",GC.DOD.TOTL.GD.ZS,..,..,..,..,..,..,..,..,..,..,..,..,..,..,..,..,..,..,..,..,..,..,..,..,..,..,..,..,..,..,..,..,..,..,..,..,..,..,..,..,..,..,..,..,..,..,..,..,..,..,..,..,..,..,..,..,..,..
Brunei Darussalam,BRN,"Central government debt, total (% of GDP)",GC.DOD.TOTL.GD.ZS,..,..,..,..,..,..,..,..,..,..,..,..,..,..,..,..,..,..,..,..,..,..,..,..,..,..,..,..,..,..,..,..,..,..,..,..,..,..,..,..,..,..,..,..,..,..,..,..,..,..,..,..,..,..,..,..,..,..
Bulgaria,BGR,"Central government debt, total (% of GDP)",GC.DOD.TOTL.GD.ZS,..,..,..,..,..,..,..,..,..,..,..,..,..,..,..,..,..,..,..,..,..,..,..,..,..,..,..,..,..,..,..,..,..,..,..,..,..,..,59.3209803494033,68.4522749850735,63.2415480275194,63.3415469634907,53.7880616024984,48.4942558333529,41.3362337853185,32.2694601171792,29.3711871804201,23.7839840289467,19.7069234832239,21.8655030075661,21.5971751713158,20.6203479546736,21.9505122164859,21.9912142340576,32.0907597698763,30.2671780120073,..,..
Burkina Faso,BFA,"Central government debt, total (% of GDP)",GC.DOD.TOTL.GD.ZS,..,..,..,..,..,..,..,..,..,..,..,..,..,..,..,..,..,..,..,..,..,..,..,..,..,..,..,..,..,..,..,..,..,..,..,..,..,..,..,..,..,..,..,..,..,..,..,..,..,..,..,..,..,..,..,..,..,..
Burundi,BDI,"Central government debt, total (% of GDP)",GC.DOD.TOTL.GD.ZS,..,..,..,..,..,..,..,..,..,..,..,..,..,..,..,..,..,..,..,..,..,..,..,..,..,..,..,..,..,..,..,88.7936648764972,103.991579904102,117.630979428415,117.012589933937,128.919219059812,144.097681489928,134.247082847141,151.277211394303,162.561440491875,..,..,..,..,..,..,..,..,..,..,..,..,..,..,..,..,..,..
Cabo Verde,CPV,"Central government debt, total (% of GDP)",GC.DOD.TOTL.GD.ZS,..,..,..,..,..,..,..,..,..,..,..,..,..,..,..,..,..,..,..,..,..,..,..,..,..,..,..,..,..,..,..,..,..,..,..,..,..,..,..,..,..,..,..,..,..,..,..,..,..,..,..,..,..,..,..,..,..,..
Cambodia,KHM,"Central government debt, total (% of GDP)",GC.DOD.TOTL.GD.ZS,..,..,..,..,..,..,..,..,..,..,..,..,..,..,..,..,..,..,..,..,..,..,..,..,..,..,..,..,..,..,..,..,..,..,..,..,..,..,..,..,..,..,..,..,..,..,..,..,..,..,..,..,..,..,..,..,..,..
Cameroon,CMR,"Central government debt, total (% of GDP)",GC.DOD.TOTL.GD.ZS,..,..,..,..,..,..,..,..,..,..,..,..,..,..,..,..,..,..,..,..,..,..,..,..,..,..,..,..,..,..,..,..,..,..,..,..,..,..,..,..,..,..,..,..,..,..,..,..,..,..,..,..,..,..,..,..,..,..
Canada,CAN,"Central government debt, total (% of GDP)",GC.DOD.TOTL.GD.ZS,..,..,..,..,..,..,..,..,..,..,..,..,..,..,..,..,..,..,..,..,..,..,..,..,..,..,..,..,..,..,61.7797768244307,67.472717314048,70.7247992022558,75.2209216124458,75.9662675568424,77.3549922615091,78.1025713428928,75.0066932034667,72.1942398071045,66.0424149987655,58.5020591810447,57.0877812898672,53.7877947155497,50.9576386750539,46.5480949955603,45.6753148138216,42.9036990176296,38.7823063020008,43.7322851699686,52.1541568173336,52.265495318961,53.011940639192,54.7753795243383,51.7177048924603,50.3362131432487,54.7111987606441,53.2499911222642,..
Caribbean small states,CSS,"Central government debt, total (% of GDP)",GC.DOD.TOTL.GD.ZS,..,..,..,..,..,..,..,..,..,..,..,..,..,..,..,..,..,..,..,..,..,..,..,..,..,..,..,..,..,..,..,..,..,70.4840615527693,64.3570510908417,60.4128309984519,..,..,..,..,..,..,..,..,..,..,53.4774608322992,52.283784342155,..,..,..,..,..,..,..,..,..,..
Cayman Islands,CYM,"Central government debt, total (% of GDP)",GC.DOD.TOTL.GD.ZS,..,..,..,..,..,..,..,..,..,..,..,..,..,..,..,..,..,..,..,..,..,..,..,..,..,..,..,..,..,..,..,..,..,..,..,..,..,..,..,..,..,..,..,..,..,..,..,..,..,..,..,..,..,..,..,..,..,..
Central African Republic,CAF,"Central government debt, total (% of GDP)",GC.DOD.TOTL.GD.ZS,..,..,..,..,..,..,..,..,..,..,..,..,..,..,..,..,..,..,..,..,..,..,..,..,..,..,..,..,..,..,..,..,..,..,..,..,..,..,..,..,..,..,..,..,..,..,..,..,..,..,..,..,..,..,..,..,..,..
Central Europe and the Baltics,CEB,"Central government debt, total (% of GDP)",GC.DOD.TOTL.GD.ZS,..,..,..,..,..,..,..,..,..,..,..,..,..,..,..,..,..,..,..,..,..,..,..,..,..,..,..,..,..,..,..,..,..,..,..,..,..,..,34.9950834634448,37.2609556846879,36.1449277948393,36.012469177417,37.6779975541077,38.7565060237216,38.0054747468989,37.7479468653148,37.8712666276935,36.6359522045685,38.3111417215967,44.073793232118,47.4461558522444,49.8619253725556,52.429190476506,54.0589301806485,53.7333645874957,53.0756214366614,..,..
Chad,TCD,"Central government debt, total (% of GDP)",GC.DOD.TOTL.GD.ZS,..,..,..,..,..,..,..,..,..,..,..,..,..,..,..,..,..,..,..,..,..,..,..,..,..,..,..,..,..,..,..,..,..,..,..,..,..,..,..,..,..,..,..,..,..,..,..,..,..,..,..,..,..,..,..,..,..,..
Channel Islands,CHI,"Central government debt, total (% of GDP)",GC.DOD.TOTL.GD.ZS,..,..,..,..,..,..,..,..,..,..,..,..,..,..,..,..,..,..,..,..,..,..,..,..,..,..,..,..,..,..,..,..,..,..,..,..,..,..,..,..,..,..,..,..,..,..,..,..,..,..,..,..,..,..,..,..,..,..
Chile,CHL,"Central government debt, total (% of GDP)",GC.DOD.TOTL.GD.ZS,..,..,..,..,..,..,..,..,..,..,..,..,..,..,..,..,..,..,..,..,..,..,..,..,..,..,..,..,..,..,..,..,..,..,..,..,..,..,..,..,..,..,..,..,..,..,..,..,..,..,..,..,..,..,..,..,..,..
China,CHN,"Central government debt, total (% of GDP)",GC.DOD.TOTL.GD.ZS,..,..,..,..,..,..,..,..,..,..,..,..,..,..,..,..,..,..,..,..,..,..,..,..,..,..,..,..,..,..,..,..,..,..,..,..,..,..,..,..,..,..,..,..,..,..,..,..,..,..,..,..,..,..,..,..,..,..
Colombia,COL,"Central government debt, total (% of GDP)",GC.DOD.TOTL.GD.ZS,..,..,..,..,..,..,..,..,..,..,..,..,..,..,..,..,..,..,..,..,..,..,..,..,..,..,..,..,..,..,..,..,..,..,..,..,..,..,5.40391549112143,19.0653508704071,17.7090216802298,..,..,52.535419533379,..,..,..,..,64.7649363552856,68.5788404567946,72.3377931601471,62.7718093738607,65.450312989281,67.4425362809414,80.2975216130715,67.11654610465,..,..
Comoros,COM,"Central government debt, total (% of GDP)",GC.DOD.TOTL.GD.ZS,..,..,..,..,..,..,..,..,..,..,..,..,..,..,..,..,..,..,..,..,..,..,..,..,..,..,..,..,..,..,..,..,..,..,..,..,..,..,..,..,..,..,..,..,..,..,..,..,..,..,..,..,..,..,..,..,..,..
"Congo, Dem. Rep.",COD,"Central government debt, total (% of GDP)",GC.DOD.TOTL.GD.ZS,..,..,..,..,..,..,..,..,..,..,..,..,..,..,..,..,..,..,..,..,..,..,..,..,..,..,..,..,..,..,289.844727084861,120.30218039096,128.77522999707,103.98722362931,169.786580536823,232.936235755677,243.595506269697,152.187001902338,..,..,..,..,..,..,..,..,..,..,..,..,..,..,..,..,..,..,..,..
"Congo, Rep.",COG,"Central government debt, total (% of GDP)",GC.DOD.TOTL.GD.ZS,..,..,..,..,..,..,..,..,..,..,..,..,..,..,..,..,..,..,..,..,..,..,..,..,..,..,..,..,..,..,..,..,..,..,..,..,..,..,..,283.745256330642,..,..,..,0.213918151392854,..,..,..,..,..,..,..,..,..,..,..,..,..,..
Costa Rica,CRI,"Central government debt, total (% of GDP)",GC.DOD.TOTL.GD.ZS,..,..,..,..,..,..,..,..,..,..,..,..,..,..,..,..,..,..,..,..,..,..,..,..,..,..,..,..,..,..,..,..,..,..,..,..,30.2540039315702,30.3293746106931,40.4024772000826,40.2721730158835,38.6669745554812,39.4903699636403,..,..,..,..,..,..,..,..,..,..,..,..,..,..,..,..
Cote d'Ivoire,CIV,"Central government debt, total (% of GDP)",GC.DOD.TOTL.GD.ZS,..,..,..,..,..,..,..,..,..,..,..,..,..,..,..,..,..,..,..,..,..,..,..,..,..,..,..,..,..,..,..,..,..,..,..,171.065442627283,..,..,..,..,..,..,..,..,..,..,..,..,..,..,..,..,..,..,..,..,..,..
Croatia,HRV,"Central government debt, total (% of GDP)",GC.DOD.TOTL.GD.ZS,..,..,..,..,..,..,..,..,..,..,..,..,..,..,..,..,..,..,..,..,..,..,..,..,..,..,..,..,..,..,..,..,..,..,..,..,..,..,..,..,..,..,..,..,..,..,..,..,..,..,..,..,..,..,..,..,..,..
Cuba,CUB,"Central government debt, total (% of GDP)",GC.DOD.TOTL.GD.ZS,..,..,..,..,..,..,..,..,..,..,..,..,..,..,..,..,..,..,..,..,..,..,..,..,..,..,..,..,..,..,..,..,..,..,..,..,..,..,..,..,..,..,..,..,..,..,..,..,..,..,..,..,..,..,..,..,..,..
Curacao,CUW,"Central government debt, total (% of GDP)",GC.DOD.TOTL.GD.ZS,..,..,..,..,..,..,..,..,..,..,..,..,..,..,..,..,..,..,..,..,..,..,..,..,..,..,..,..,..,..,..,..,..,..,..,..,..,..,..,..,..,..,..,..,..,..,..,..,..,..,..,..,..,..,..,..,..,..
Cyprus,CYP,"Central government debt, total (% of GDP)",GC.DOD.TOTL.GD.ZS,..,..,..,..,..,..,..,..,..,..,..,..,..,..,..,..,..,..,..,..,..,..,..,..,..,..,..,..,..,..,86.6187458378789,96.3842337020678,95.8339898010768,100.330442275555,91.6683134055663,..,..,..,141.346376087659,143.457108847158,142.925993114364,147.359080773005,154.949307576942,163.66207284165,163.619375654773,161.762936661362,152.729426437202,144.545661651073,131.722122665558,88.7838005730045,92.8801523355527,103.147533589106,115.085364976627,143.859235464892,151.863286542118,152.659923343841,..,..
Czech Republic,CZE,"Central government debt, total (% of GDP)",GC.DOD.TOTL.GD.ZS,..,..,..,..,..,..,..,..,..,..,..,..,..,..,..,..,..,..,..,..,..,..,..,..,..,..,..,..,..,..,..,..,..,16.0032484073289,14.240818470208,12.3343554108404,10.2240290584579,9.79808130912077,9.79395469122141,10.9085951816922,12.6453766495408,14.2120413832556,14.80785782279,17.5304328951939,19.2633909590994,21.0736924688119,22.6634248906015,23.1247352758572,24.4160528133815,29.5898824705934,33.5564519984187,36.2587712937449,40.6395508079978,40.6129335150098,38.2096612806746,36.7380561721902,..,..
Denmark,DNK,"Central government debt, total (% of GDP)",GC.DOD.TOTL.GD.ZS,..,..,..,..,..,..,..,..,..,..,..,..,..,..,..,..,..,..,..,..,..,..,..,..,..,..,..,..,..,..,..,62.1353521583828,66.6274834401212,78.2391600769441,75.2616064255411,73.6952752722428,71.1120342933612,67.5639478627624,64.9769643537709,59.2184908672507,52.6028101336034,50.6171957367195,50.3155067359394,47.6950424951853,43.2452568092584,36.0742605221742,32.3856003233745,25.1822905434354,32.2615419629525,38.3913530990167,42.7397916866841,49.5516700291414,49.965910326216,46.2515229232664,48.4996624107664,42.5545748237322,..,..
Djibouti,DJI,"Central government debt, total (% of GDP)",GC.DOD.TOTL.GD.ZS,..,..,..,..,..,..,..,..,..,..,..,..,..,..,..,..,..,..,..,..,..,..,..,..,..,..,..,..,..,..,..,..,..,..,..,..,..,..,..,..,..,..,..,..,..,..,..,..,..,..,..,..,..,..,..,..,..,..
Dominica,DMA,"Central government debt, total (% of GDP)",GC.DOD.TOTL.GD.ZS,..,..,..,..,..,..,..,..,..,..,..,..,..,..,..,..,..,..,..,..,..,..,..,..,..,..,..,..,..,..,..,..,..,..,..,..,..,..,..,..,..,..,79.5258936243836,78.8471745406462,68.6146520892238,77.51,74.8861480075901,66.9851530453854,60.560328538974,53.6872112222281,56.6920660582683,54.6393954410271,65.225290296065,64.1721529307136,64.3174570896144,..,..,..
Dominican Republic,DOM,"Central government debt, total (% of GDP)",GC.DOD.TOTL.GD.ZS,..,..,..,..,..,..,..,..,..,..,..,..,..,..,..,..,..,..,..,..,..,..,..,..,..,..,..,..,..,..,..,..,..,..,..,..,21.0872018656025,17.9504773454499,..,16.7403597954648,..,..,..,..,..,..,..,..,..,..,..,..,..,..,..,..,..,..
Early-demographic dividend,EAR,"Central government debt, total (% of GDP)",GC.DOD.TOTL.GD.ZS,..,..,..,..,..,..,..,..,..,..,..,..,..,..,..,..,..,..,..,..,..,..,..,..,..,..,..,..,..,..,..,..,..,..,..,..,..,..,..,..,..,..,..,..,..,..,..,..,..,..,..,..,..,..,..,..,..,..
East Asia & Pacific,EAS,"Central government debt, total (% of GDP)",GC.DOD.TOTL.GD.ZS,..,..,..,..,..,..,..,..,..,..,..,..,..,..,..,..,..,..,..,..,..,..,..,..,..,..,..,..,..,..,..,..,..,..,..,..,..,..,..,..,..,..,..,..,..,..,..,..,..,..,..,..,..,..,..,..,..,..
East Asia & Pacific (excluding high income),EAP,"Central government debt, total (% of GDP)",GC.DOD.TOTL.GD.ZS,..,..,..,..,..,..,..,..,..,..,..,..,..,..,..,..,..,..,..,..,..,..,..,..,..,..,..,..,..,..,..,..,..,..,..,..,..,..,..,..,..,..,..,..,..,..,..,..,..,..,..,..,..,..,..,..,..,..
East Asia & Pacific (IDA & IBRD countries),TEA,"Central government debt, total (% of GDP)",GC.DOD.TOTL.GD.ZS,..,..,..,..,..,..,..,..,..,..,..,..,..,..,..,..,..,..,..,..,..,..,..,..,..,..,..,..,..,..,..,..,..,..,..,..,..,..,..,..,..,..,..,..,..,..,..,..,..,..,..,..,..,..,..,..,..,..
Ecuador,ECU,"Central government debt, total (% of GDP)",GC.DOD.TOTL.GD.ZS,..,..,..,..,..,..,..,..,..,..,..,..,..,..,..,..,..,..,..,..,..,..,..,..,..,..,..,..,..,..,..,..,..,..,..,..,..,..,..,..,..,..,..,..,..,..,..,..,..,..,..,..,..,..,..,..,..,..
"Egypt, Arab Rep.",EGY,"Central government debt, total (% of GDP)",GC.DOD.TOTL.GD.ZS,..,..,..,..,..,..,..,..,..,..,..,..,..,..,..,..,..,..,..,..,..,..,..,..,..,..,..,..,..,..,..,..,..,..,..,..,..,..,..,..,..,..,..,..,..,..,..,85.7885338345865,..,..,..,..,..,..,..,..,..,..
El Salvador,SLV,"Central government debt, total (% of GDP)",GC.DOD.TOTL.GD.ZS,..,..,..,..,..,..,..,..,..,..,..,..,..,..,..,..,..,..,..,..,..,..,..,..,..,..,..,..,..,..,..,..,..,..,..,..,..,..,224.526997768229,255.207907129734,245.642259462011,31.4522142665808,55.2775972096989,50.972638518745,49.0850281359387,48.3368238776633,43.5665500493243,41.023332620406,40.6444884617807,49.5367365518563,49.5206675777243,47.8297797154074,..,56.3518518594567,45.8447854264529,46.1331121353782,..,..
Equatorial Guinea,GNQ,"Central government debt, total (% of GDP)",GC.DOD.TOTL.GD.ZS,..,..,..,..,..,..,..,..,..,..,..,..,..,..,..,..,..,..,..,..,..,..,..,..,..,..,..,..,..,..,..,..,..,..,..,..,..,..,..,..,..,..,..,..,..,..,..,..,..,..,..,..,..,..,..,..,..,..
Eritrea,ERI,"Central government debt, total (% of GDP)",GC.DOD.TOTL.GD.ZS,..,..,..,..,..,..,..,..,..,..,..,..,..,..,..,..,..,..,..,..,..,..,..,..,..,..,..,..,..,..,..,..,..,..,..,..,..,..,..,..,..,..,..,..,..,..,..,..,..,..,..,..,..,..,..,..,..,..
Estonia,EST,"Central government debt, total (% of GDP)",GC.DOD.TOTL.GD.ZS,..,..,..,..,..,..,..,..,..,..,..,..,..,..,..,..,..,..,..,..,..,..,..,..,..,..,..,..,..,..,..,..,..,..,..,..,..,..,0.446058345145438,0.503811811043698,0.259964642067322,0.243961807479057,0.284870576184295,0.312040649907055,0.329444982738327,0.347186292774759,0.327884012783448,0.284224035737619,0.329400587525648,0.539454552046756,0.519665046922287,0.399130649020068,0.880086681044541,0.896990141746014,0.918325997091059,0.862877502511141,..,..
Ethiopia,ETH,"Central government debt, total (% of GDP)",GC.DOD.TOTL.GD.ZS,..,..,..,..,..,..,..,..,..,..,..,..,..,..,..,..,..,..,..,..,..,..,..,..,..,..,..,..,..,..,48.3529569208809,50.8858787649859,44.3811735667036,73.2874344892619,92.5041549448277,82.6296763565148,72.1500093626094,69.4216870598482,77.9616791099719,85.5546979166054,..,..,..,..,..,..,..,..,..,..,..,..,..,..,..,..,..,..
Euro area,EMU,"Central government debt, total (% of GDP)",GC.DOD.TOTL.GD.ZS,..,..,..,..,..,..,..,..,..,..,..,..,..,..,..,..,..,..,..,..,..,..,..,..,..,..,..,..,..,..,..,..,..,..,..,..,..,..,69.2083741151385,65.1079171798516,62.4341003659095,60.808678350876,61.5053472056539,61.2855891365878,61.8510763217162,62.5625555056911,59.2348190931141,56.1870958316004,60.7509908622532,68.7348619460453,72.4147087270447,73.7415035744239,83.2992877854101,85.6411602077237,92.8023898468348,91.5287599043743,..,..
Europe & Central Asia,ECS,"Central government debt, total (% of GDP)",GC.DOD.TOTL.GD.ZS,..,..,..,..,..,..,..,..,..,..,..,..,..,..,..,..,..,..,..,..,..,..,..,..,..,..,..,..,..,..,..,..,..,..,..,..,..,..,67.5909533465015,62.3561144829211,56.4907372339618,53.5053409604785,53.8875996682154,54.8820886707721,53.3484095617826,53.215638303836,50.4365821671142,47.9922779032597,51.9831721482756,59.4533272321048,63.1377355970085,65.5309746472863,72.016058673835,72.8136077416146,78.8888027573342,78.1289197210593,..,..
Europe & Central Asia (excluding high income),ECA,"Central government debt, total (% of GDP)",GC.DOD.TOTL.GD.ZS,..,..,..,..,..,..,..,..,..,..,..,..,..,..,..,..,..,..,..,..,..,..,..,..,..,..,..,..,..,..,..,..,..,..,..,..,..,..,96.9283255652934,..,..,..,..,..,..,..,..,..,17.7343676681325,22.9573003413248,22.3386869683403,21.9528681267432,21.4620796508994,20.3923113651901,22.8209037802962,24.1403375059496,..,..
Europe & Central Asia (IDA & IBRD countries),TEC,"Central government debt, total (% of GDP)",GC.DOD.TOTL.GD.ZS,..,..,..,..,..,..,..,..,..,..,..,..,..,..,..,..,..,..,..,..,..,..,..,..,..,..,..,..,..,..,..,..,..,..,..,..,..,..,87.8083087720646,78.2895326508706,53.2434447922642,44.5201775273932,40.7118140316786,..,..,24.0240380982371,19.5188012914503,17.1588631275743,22.7826937947721,27.5218569823524,27.2874924082542,27.1173375466052,26.680543189579,26.0138548404341,27.352499041637,28.5454921593124,..,..
European Union,EUU,"Central government debt, total (% of GDP)",GC.DOD.TOTL.GD.ZS,..,..,..,..,..,..,..,..,..,..,..,..,..,..,..,..,..,..,..,..,..,..,..,..,..,..,..,..,..,..,..,38.8068212862203,41.8487900882014,..,..,63.0655268460976,66.0121291666293,65.9223608385735,64.3396007854029,60.6207861136916,58.0936359120934,55.935565303706,56.636170850543,56.4714312245097,57.2573120604022,57.9390183862357,55.1533608988013,52.6520171019054,57.834227066381,66.3485275570084,71.2022754376755,74.5033514491133,82.3859096266619,83.5802995821518,90.6253651125565,89.3316585941565,..,..
Faroe Islands,FRO,"Central government debt, total (% of GDP)",GC.DOD.TOTL.GD.ZS,..,..,..,..,..,..,..,..,..,..,..,..,..,..,..,..,..,..,..,..,..,..,..,..,..,..,..,..,..,..,..,..,..,..,..,..,..,..,..,..,..,..,..,..,..,..,..,..,..,..,..,..,..,..,..,..,..,..
Fiji,FJI,"Central government debt, total (% of GDP)",GC.DOD.TOTL.GD.ZS,..,..,..,..,..,..,..,..,..,..,..,..,..,..,..,..,..,..,..,..,..,..,..,..,..,..,..,..,..,..,..,36.8418217433888,33.6867480345741,36.5528455284553,36.6378536147283,..,..,..,..,..,..,..,..,..,..,..,..,..,..,..,..,..,..,..,..,..,..,..
Finland,FIN,"Central government debt, total (% of GDP)",GC.DOD.TOTL.GD.ZS,..,..,..,..,..,..,..,..,..,..,..,..,..,..,..,..,..,..,..,..,..,..,..,..,..,..,..,..,..,..,10.4697492426661,17.0031065923779,34.0788080381459,51.6006709400119,58.2352177727349,..,..,..,73.6812812546726,63.2154928578745,54.659807281614,48.8102079107154,46.2913634861655,47.5328068404489,45.5674955987304,41.3718846380797,38.689214084605,34.2842901856536,32.8411912591438,40.9299062581133,46.8113308391235,47.8922532242252,52.3981167110239,53.4962609054874,58.0248595929412,59.4164506875534,..,..
Fragile and conflict affected situations,FCS,"Central government debt, total (% of GDP)",GC.DOD.TOTL.GD.ZS,..,..,..,..,..,..,..,..,..,..,..,..,..,..,..,..,..,..,..,..,..,..,..,..,..,..,..,..,..,..,..,..,..,..,..,..,..,..,..,..,..,..,..,..,..,..,..,..,..,..,..,..,..,..,..,..,..,..
France,FRA,"Central government debt, total (% of GDP)",GC.DOD.TOTL.GD.ZS,..,..,..,..,..,..,..,..,..,..,..,..,..,..,..,..,..,..,..,..,..,..,..,..,..,..,..,..,..,..,..,..,..,..,..,..,..,..,61.86670945027,58.8692754156313,58.0355658071114,57.578227522596,60.9298112790958,63.4102176693102,64.3876990343473,65.3863084078922,60.8059173340916,59.3556461270411,64.9012701355312,73.8428286085166,76.4846400841439,79.7061988535821,88.9999611869882,89.7922993718018,97.6656365288095,98.0424228310173,..,..
French Polynesia,PYF,"Central government debt, total (% of GDP)",GC.DOD.TOTL.GD.ZS,..,..,..,..,..,..,..,..,..,..,..,..,..,..,..,..,..,..,..,..,..,..,..,..,..,..,..,..,..,..,..,..,..,..,..,..,..,..,..,..,..,..,..,..,..,..,..,..,..,..,..,..,..,..,..,..,..,..
Gabon,GAB,"Central government debt, total (% of GDP)",GC.DOD.TOTL.GD.ZS,..,..,..,..,..,..,..,..,..,..,..,..,..,..,..,..,..,..,..,..,..,..,..,..,..,..,..,..,..,..,..,..,..,..,..,..,..,..,..,..,..,..,..,..,..,..,..,..,..,..,..,..,..,..,..,..,..,..
"Gambia, The",GMB,"Central government debt, total (% of GDP)",GC.DOD.TOTL.GD.ZS,..,..,..,..,..,..,..,..,..,..,..,..,..,..,..,..,..,..,..,..,..,..,..,..,..,..,..,..,..,..,..,..,..,..,..,..,..,..,..,..,..,..,..,..,..,115.336124116861,118.414172365822,23.8608375042745,69.4484401495977,65.0551997826962,..,..,..,..,..,..,..,..
Georgia,GEO,"Central government debt, total (% of GDP)",GC.DOD.TOTL.GD.ZS,..,..,..,..,..,..,..,..,..,..,..,..,..,..,..,..,..,..,..,..,..,..,..,..,..,..,..,..,..,..,..,..,..,..,..,..,..,43.4057478905204,56.9044515955438,71.9371804721435,69.938113606046,66.6691828995276,64.9581962294659,53.8060493692922,43.8362208108595,35.076298608053,27.9581002971939,22.68712594988,27.0177714560862,34.611451760253,36.7997202690969,32.4597615412752,32.5306981139253,33.9206609789504,35.3784896169107,41.2822252746225,..,..
Germany,DEU,"Central government debt, total (% of GDP)",GC.DOD.TOTL.GD.ZS,..,..,..,..,..,..,..,..,..,..,..,..,..,..,..,..,..,..,..,..,..,..,..,..,..,..,..,..,..,..,21.0100829162179,21.8150398784656,23.9610810938348,27.1304795401904,27.1394150653722,35.056454330974,36.9011898334648,37.7503825447743,37.7190409418154,39.1501685327961,38.313473314182,36.7687226185288,38.1406243634833,39.7905480883572,41.6860152733615,43.3061985518458,42.3114593126502,39.6063233369011,41.9868917220327,46.1188970361097,54.3262559785431,53.9448119210394,55.6051641252094,52.6778688292573,53.5331557185022,50.4699916249563,..,..
Ghana,GHA,"Central government debt, total (% of GDP)",GC.DOD.TOTL.GD.ZS,..,..,..,..,..,..,..,..,..,..,..,..,..,..,..,..,..,..,..,..,..,..,..,..,..,..,..,..,..,..,..,..,..,..,..,..,..,..,..,..,..,..,..,..,..,..,..,..,..,..,..,..,..,..,..,..,..,..
Gibraltar,GIB,"Central government debt, total (% of GDP)",GC.DOD.TOTL.GD.ZS,..,..,..,..,..,..,..,..,..,..,..,..,..,..,..,..,..,..,..,..,..,..,..,..,..,..,..,..,..,..,..,..,..,..,..,..,..,..,..,..,..,..,..,..,..,..,..,..,..,..,..,..,..,..,..,..,..,..
Greece,GRC,"Central government debt, total (% of GDP)",GC.DOD.TOTL.GD.ZS,..,..,..,..,..,..,..,..,..,..,..,..,..,..,..,..,..,..,..,..,..,..,..,..,..,..,..,..,..,..,..,..,..,..,..,..,..,..,..,..,..,..,..,..,..,..,..,..,..,..,..,..,..,..,..,..,..,..
Greenland,GRL,"Central government debt, total (% of GDP)",GC.DOD.TOTL.GD.ZS,..,..,..,..,..,..,..,..,..,..,..,..,..,..,..,..,..,..,..,..,..,..,..,..,..,..,..,..,..,..,..,..,..,..,..,..,..,..,..,..,..,..,..,..,..,..,..,..,..,..,..,..,..,..,..,..,..,..
Grenada,GRD,"Central government debt, total (% of GDP)",GC.DOD.TOTL.GD.ZS,..,..,..,..,..,..,..,..,..,..,..,..,..,..,..,..,..,..,..,..,..,..,..,..,..,..,..,..,..,..,..,..,..,..,..,..,..,..,..,..,40.6375581342846,45.2960658320852,63.4994749846409,65.9877924463968,76.3467221786672,75.1637896312958,77.3276776246023,75.1513671875,70.8609865470852,81.1039530391809,85.4673264407435,91.3890988918408,93.2887428138719,91.4216472978263,88.542462413653,..,..,..
Guam,GUM,"Central government debt, total (% of GDP)",GC.DOD.TOTL.GD.ZS,..,..,..,..,..,..,..,..,..,..,..,..,..,..,..,..,..,..,..,..,..,..,..,..,..,..,..,..,..,..,..,..,..,..,..,..,..,..,..,..,..,..,..,..,..,..,..,..,..,..,..,..,..,..,..,..,..,..
Guatemala,GTM,"Central government debt, total (% of GDP)",GC.DOD.TOTL.GD.ZS,..,..,..,..,..,..,..,..,..,..,..,..,..,..,..,..,..,..,..,..,..,..,..,..,..,..,..,..,..,..,24.4806851423724,17.7517913078306,15.8312193134152,13.6225081203374,13.1619490409219,11.404999017517,11.2418328744629,11.3452176738095,11.2801678443371,13.4701885924417,16.9838230125754,19.9465031065577,18.3935997670655,20.7110411048023,21.7859460652349,21.2624786769833,21.8766768090654,21.6355735670806,20.0539762261256,23.0172811284363,24.4197433757438,24.1625607797052,24.3112765154298,24.8099135659199,..,..,..,..
Guinea,GIN,"Central government debt, total (% of GDP)",GC.DOD.TOTL.GD.ZS,..,..,..,..,..,..,..,..,..,..,..,..,..,..,..,..,..,..,..,..,..,..,..,..,..,..,..,..,..,..,..,..,..,..,..,..,..,..,..,..,..,..,..,..,..,..,..,..,..,..,..,..,..,..,..,..,..,..
Guinea-Bissau,GNB,"Central government debt, total (% of GDP)",GC.DOD.TOTL.GD.ZS,..,..,..,..,..,..,..,..,..,..,..,..,..,..,..,..,..,..,..,..,..,..,..,..,..,..,..,..,..,..,..,..,..,..,..,..,..,..,..,..,..,..,..,..,..,..,..,..,..,..,..,..,..,..,..,..,..,..
Guyana,GUY,"Central government debt, total (% of GDP)",GC.DOD.TOTL.GD.ZS,..,..,..,..,..,..,..,..,..,..,..,..,..,..,..,..,..,..,..,..,..,..,..,..,..,..,..,..,..,..,..,..,..,..,..,..,..,..,..,..,..,..,..,..,..,..,..,..,..,..,..,..,..,..,..,..,..,..
Haiti,HTI,"Central government debt, total (% of GDP)",GC.DOD.TOTL.GD.ZS,..,..,..,..,..,..,..,..,..,..,..,..,..,..,..,..,..,..,..,..,..,..,..,..,..,..,..,..,..,..,..,..,..,..,..,..,..,..,..,..,..,..,..,..,..,..,..,..,..,..,..,..,..,..,..,..,..,..
Heavily indebted poor countries (HIPC),HPC,"Central government debt, total (% of GDP)",GC.DOD.TOTL.GD.ZS,..,..,..,..,..,..,..,..,..,..,..,..,..,..,..,..,..,..,..,..,..,..,..,..,..,..,..,..,..,..,..,..,..,..,..,..,..,..,..,..,..,..,..,..,..,..,..,..,..,..,..,..,..,..,..,..,..,..
High income,HIC,"Central government debt, total (% of GDP)",GC.DOD.TOTL.GD.ZS,..,..,..,..,..,..,..,..,..,..,..,..,..,..,..,..,..,..,..,..,..,..,..,..,..,..,..,..,..,..,38.9231783297911,40.6712352193553,42.8176248749032,43.5682553169518,45.895099174015,54.1702158749754,55.4339259589899,55.3921116786079,56.9897117739965,55.7636589445456,53.4653522734364,59.843539227696,61.9552190138548,64.0522606154095,64.9909287802429,65.1723898901713,63.4815428022905,62.6867868924982,68.7767879697886,79.5573629428106,85.4456610664053,90.4789677820755,95.1002555072622,95.8293376475743,100.439924327525,101.121070491302,..,..
Honduras,HND,"Central government debt, total (% of GDP)",GC.DOD.TOTL.GD.ZS,..,..,..,..,..,..,..,..,..,..,..,..,..,..,..,..,..,..,..,..,..,..,..,..,..,..,..,..,..,..,..,..,..,..,..,..,..,..,..,..,..,..,..,..,..,..,..,..,..,..,..,..,..,..,..,..,..,..
"Hong Kong SAR, China",HKG,"Central government debt, total (% of GDP)",GC.DOD.TOTL.GD.ZS,..,..,..,..,..,..,..,..,..,..,..,..,..,..,..,..,..,..,..,..,..,..,..,..,..,..,..,..,..,..,..,..,..,..,..,..,..,..,..,..,..,..,..,..,..,..,..,..,..,..,..,..,..,..,..,..,..,..
Hungary,HUN,"Central government debt, total (% of GDP)",GC.DOD.TOTL.GD.ZS,..,..,..,..,..,..,..,..,..,..,..,..,..,..,..,..,..,..,..,..,..,..,..,..,..,..,..,..,..,..,..,71.4388811155292,75.6995804950774,86.3689535652678,83.5658947469637,86.3161581249449,75.1345247355747,67.3954136825146,64.0733128959018,66.5556697899486,61.0129421310508,59.2842421091457,58.9777641242101,59.7714996864344,63.0485220677875,65.2587878260865,68.5566510062385,69.1691438077212,72.4530534797229,80.8622802882656,81.5808372621918,90.8417685577155,94.3423283556843,94.5103699631853,98.0829840653814,96.5185664806965,..,..
IBRD only,IBD,"Central government debt, total (% of GDP)",GC.DOD.TOTL.GD.ZS,..,..,..,..,..,..,..,..,..,..,..,..,..,..,..,..,..,..,..,..,..,..,..,..,..,..,..,..,..,..,..,..,..,..,..,..,..,..,..,..,..,..,..,..,..,..,..,..,..,..,..,..,..,..,..,..,..,..
Iceland,ISL,"Central government debt, total (% of GDP)",GC.DOD.TOTL.GD.ZS,..,..,..,..,..,..,..,..,..,..,..,..,..,..,..,..,..,..,..,..,..,..,..,..,..,..,..,..,..,..,29.6721344078099,31.0615890664396,37.344016531192,42.7130628538998,43.7473677359285,45.969382263613,45.2366788678604,68.227289184141,63.4404502254123,59.4933768591741,58.7762602284926,60.9413367611778,57.0261320881584,55.0478780516073,48.7095113590454,38.4574131334299,43.3396713471756,41.2035209960471,79.1091867794582,99.0115392412277,105.734049213938,112.955994444591,112.321724351017,102.510413791572,101.394910385445,87.105629283867,..,..
IDA & IBRD total,IBT,"Central government debt, total (% of GDP)",GC.DOD.TOTL.GD.ZS,..,..,..,..,..,..,..,..,..,..,..,..,..,..,..,..,..,..,..,..,..,..,..,..,..,..,..,..,..,..,..,..,..,..,..,..,..,..,..,..,..,..,..,..,..,..,..,..,..,..,..,..,..,..,..,..,..,..
IDA blend,IDB,"Central government debt, total (% of GDP)",GC.DOD.TOTL.GD.ZS,..,..,..,..,..,..,..,..,..,..,..,..,..,..,..,..,..,..,..,..,..,..,..,..,..,..,..,..,..,..,..,..,..,..,..,..,..,..,..,..,..,..,..,..,..,..,..,..,..,..,..,..,..,..,..,..,..,..
IDA only,IDX,"Central government debt, total (% of GDP)",GC.DOD.TOTL.GD.ZS,..,..,..,..,..,..,..,..,..,..,..,..,..,..,..,..,..,..,..,..,..,..,..,..,..,..,..,..,..,..,..,..,..,..,..,..,..,..,..,..,..,..,..,..,..,..,..,..,..,..,..,..,..,..,..,..,..,..
IDA total,IDA,"Central government debt, total (% of GDP)",GC.DOD.TOTL.GD.ZS,..,..,..,..,..,..,..,..,..,..,..,..,..,..,..,..,..,..,..,..,..,..,..,..,..,..,..,..,..,..,..,..,..,..,..,..,..,..,..,..,..,..,..,..,..,..,..,..,..,..,..,..,..,..,..,..,..,..
India,IND,"Central government debt, total (% of GDP)",GC.DOD.TOTL.GD.ZS,..,..,..,..,..,..,..,..,..,..,..,..,..,..,..,..,..,..,..,..,..,..,..,..,..,..,..,..,..,..,51.4698338479117,50.6862072517543,50.3525778148335,52.4595911752187,50.2647880906893,48.1337193724012,46.3414782350084,51.0463673628076,50.9995245516614,52.0472336966165,55.7478935771748,59.8158208523511,63.398473014031,63.030851744183,63.4392220325964,63.1096906692628,60.9597147954321,58.2454457322481,57.8686743431608,56.0054596020019,52.1835718675265,51.5565536600812,50.6780305618803,50.3118273627039,..,..,..,..
Indonesia,IDN,"Central government debt, total (% of GDP)",GC.DOD.TOTL.GD.ZS,..,..,..,..,..,..,..,..,..,..,..,..,..,..,..,..,..,..,..,..,..,..,..,..,..,..,..,..,..,..,45.7414523316285,40.2756295663842,42.7093574260874,37.4975968521644,36.5705901605804,30.8043248823304,23.92314220907,72.4853185253111,55.2040876648634,45.2079671076106,..,..,32.2241265309989,29.7173962466428,..,..,..,..,34.2250281913082,29.9973061983445,26.1661592780012,24.8651446692594,25.0344008432508,27.7819272178664,27.4216121994064,30.2949749608844,..,..
"Iran, Islamic Rep.",IRN,"Central government debt, total (% of GDP)",GC.DOD.TOTL.GD.ZS,..,..,..,..,..,..,..,..,..,..,..,..,..,..,..,..,..,..,..,..,..,..,..,..,..,..,..,..,..,..,..,..,..,..,..,..,..,..,..,..,..,..,..,..,..,..,..,..,..,..,..,..,..,..,..,..,..,..
Iraq,IRQ,"Central government debt, total (% of GDP)",GC.DOD.TOTL.GD.ZS,..,..,..,..,..,..,..,..,..,..,..,..,..,..,..,..,..,..,..,..,..,..,..,..,..,..,..,..,..,..,..,..,..,..,..,..,..,..,..,..,..,..,..,..,..,..,..,..,..,..,..,..,..,..,..,..,..,..
Ireland,IRL,"Central government debt, total (% of GDP)",GC.DOD.TOTL.GD.ZS,..,..,..,..,..,..,..,..,..,..,..,..,..,..,..,..,..,..,..,..,..,..,..,..,..,..,..,..,..,..,..,..,..,..,..,..,..,..,60.0678037144568,49.1811748022491,38.9019685708114,35.0596872477768,33.6857033258711,32.4979106130552,30.8786211771815,30.7550822112428,26.9960028797033,26.9198016375913,46.7708989455968,66.8668776021357,83.1961699401188,110.547621107064,129.844259831219,132.363335138087,122.657642833058,91.7725413216453,..,..
Isle of Man,IMN,"Central government debt, total (% of GDP)",GC.DOD.TOTL.GD.ZS,..,..,..,..,..,..,..,..,..,..,..,..,..,..,..,..,..,..,..,..,..,..,..,..,..,..,..,..,..,..,..,..,..,..,..,..,..,..,..,..,..,..,..,..,..,..,..,..,..,..,..,..,..,..,..,..,..,..
Israel,ISR,"Central government debt, total (% of GDP)",GC.DOD.TOTL.GD.ZS,..,..,..,..,..,..,..,..,..,..,..,..,..,..,..,..,..,..,..,..,..,..,..,..,..,..,..,..,..,..,156.096987765343,141.262096220932,137.871126354851,135.504034233077,125.777230521117,104.776837321782,102.951485018524,97.422476892394,98.2878081581841,91.4080919327981,..,..,..,..,..,..,..,..,..,..,..,..,..,..,..,..,..,..
Italy,ITA,"Central government debt, total (% of GDP)",GC.DOD.TOTL.GD.ZS,..,..,..,..,..,..,..,..,..,..,..,..,..,..,..,..,..,..,..,..,..,..,..,..,..,..,..,..,..,..,..,71.659462435417,77.720024488216,..,..,120.109637969144,126.222698633117,127.499978487097,128.869807911431,118.541289707967,113.419768492801,112.219263408498,110.394885020746,106.574588111646,108.052975651046,109.826410359185,106.210604748371,101.321128834075,104.614289716577,116.185341266696,114.788054424036,108.525570707553,127.243388077125,135.155881110731,148.978512506728,150.387850199482,..,..
Jamaica,JAM,"Central government debt, total (% of GDP)",GC.DOD.TOTL.GD.ZS,..,..,..,..,..,..,..,..,..,..,..,..,..,..,..,..,..,..,..,..,..,..,..,..,..,..,..,..,..,..,..,..,120.424330013216,118.720601302866,104.544069548531,94.8828202875582,81.0447929289323,82.8598782475574,82.0913529021296,89.5281907457786,98.9506794652664,118.700276260575,127.772908818658,127.433181704735,122.008123200265,121.002433326288,117.694967462924,112.990497181674,120.417268206609,..,..,..,..,..,..,..,..,..
Japan,JPN,"Central government debt, total (% of GDP)",GC.DOD.TOTL.GD.ZS,..,..,..,..,..,..,..,..,..,..,..,..,..,..,..,..,..,..,..,..,..,..,..,..,..,..,..,..,..,..,52.7735116708773,38.9222511966336,39.742354778064,42.7795201260474,56.1732846802942,62.776004371937,66.6246677249766,74.5805660474499,82.1894839497618,93.2380875039786,102.390517670199,106.44915440579,115.94701563724,125.936092054202,131.462070225777,131.573887381213,131.622968203178,134.821329493489,139.797935802589,158.415549712871,161.596402066617,177.487792742698,185.12372382905,187.416321459149,193.433476478398,197.952860566828,..,..
Jordan,JOR,"Central government debt, total (% of GDP)",GC.DOD.TOTL.GD.ZS,..,..,..,..,..,..,..,..,..,..,..,..,..,..,..,..,..,..,..,..,..,..,..,..,..,..,..,..,..,..,128.799599970243,129.999661933739,152.590890012204,125.613252736486,116.419016312888,105.065237210427,106.221100182938,100.380576515134,101.17186762596,99.9159494888309,93.7150185142276,90.8256482983082,85.0745468121151,88.9180503307396,89.0247017437035,79.9519239759384,72.6251637040321,69.9589120189815,56.7844436878772,61.0056667834235,61.3734574861382,61.8545463655638,66.8235277364077,75.6124455901943,79.9280821022907,..,..,..
Kazakhstan,KAZ,"Central government debt, total (% of GDP)",GC.DOD.TOTL.GD.ZS,..,..,..,..,..,..,..,..,..,..,..,..,..,..,..,..,..,..,..,..,..,..,..,..,..,..,..,..,..,..,..,..,..,..,..,..,..,..,..,..,..,..,..,..,..,..,..,..,..,..,9.52296325134078,8.80131007226425,10.4981138465889,10.8406391538642,12.6469696266918,19.307916061599,..,..
Kenya,KEN,"Central government debt, total (% of GDP)",GC.DOD.TOTL.GD.ZS,..,..,..,..,..,..,..,..,..,..,..,..,..,..,..,..,..,..,..,..,..,..,..,..,..,..,..,..,..,..,..,..,..,..,..,..,..,..,52.8017948110984,52.6441122981334,..,..,..,..,..,..,..,..,..,..,..,..,..,..,..,..,..,..
Kiribati,KIR,"Central government debt, total (% of GDP)",GC.DOD.TOTL.GD.ZS,..,..,..,..,..,..,..,..,..,..,..,..,..,..,..,..,..,..,..,..,..,..,..,..,..,..,..,..,..,..,..,..,..,..,..,..,..,..,..,..,..,..,..,..,..,..,..,..,..,..,..,..,..,..,..,..,..,..
"Korea, Dem. People’s Rep.",PRK,"Central government debt, total (% of GDP)",GC.DOD.TOTL.GD.ZS,..,..,..,..,..,..,..,..,..,..,..,..,..,..,..,..,..,..,..,..,..,..,..,..,..,..,..,..,..,..,..,..,..,..,..,..,..,..,..,..,..,..,..,..,..,..,..,..,..,..,..,..,..,..,..,..,..,..
"Korea, Rep.",KOR,"Central government debt, total (% of GDP)",GC.DOD.TOTL.GD.ZS,..,..,..,..,..,..,..,..,..,..,..,..,..,..,..,..,..,..,..,..,..,..,..,..,..,..,..,..,..,..,7.54985906289088,10.3973924677617,10.150131336559,9.35197019289285,8.32281121211012,7.35253146746848,7.0014848044481,8.87060568446589,..,..,..,..,..,..,..,..,..,..,..,..,..,..,33.8831703384941,36.6739436147754,38.3878017121372,39.7437106767763,..,..
Kosovo,XKX,"Central government debt, total (% of GDP)",GC.DOD.TOTL.GD.ZS,..,..,..,..,..,..,..,..,..,..,..,..,..,..,..,..,..,..,..,..,..,..,..,..,..,..,..,..,..,..,..,..,..,..,..,..,..,..,..,..,..,..,..,..,..,..,..,..,..,..,..,..,..,..,..,..,..,..
Kuwait,KWT,"Central government debt, total (% of GDP)",GC.DOD.TOTL.GD.ZS,..,..,..,..,..,..,..,..,..,..,..,..,..,..,..,..,..,..,..,..,..,..,..,..,..,..,..,..,..,..,..,..,..,..,..,..,..,..,..,..,..,..,..,..,..,..,..,..,..,..,..,..,..,..,..,..,..,..
Kyrgyz Republic,KGZ,"Central government debt, total (% of GDP)",GC.DOD.TOTL.GD.ZS,..,..,..,..,..,..,..,..,..,..,..,..,..,..,..,..,..,..,..,..,..,..,..,..,..,..,..,..,..,..,..,..,..,..,..,45.6051681315074,71.4341882022112,73.9064124331529,111.21691914316,132.733817753771,114.534392410236,99.330971951713,..,..,..,..,..,..,..,..,..,..,..,42.8083946063945,37.8705870315003,69.6895208105008,..,..
Lao PDR,LAO,"Central government debt, total (% of GDP)",GC.DOD.TOTL.GD.ZS,..,..,..,..,..,..,..,..,..,..,..,..,..,..,..,..,..,..,..,..,..,..,..,..,..,..,..,..,..,..,..,..,..,..,..,..,..,..,..,..,..,..,..,..,..,..,..,..,..,..,..,..,..,..,..,..,..,..
Late-demographic dividend,LTE,"Central government debt, total (% of GDP)",GC.DOD.TOTL.GD.ZS,..,..,..,..,..,..,..,..,..,..,..,..,..,..,..,..,..,..,..,..,..,..,..,..,..,..,..,..,..,..,..,..,..,..,..,..,..,..,..,..,..,..,..,..,..,..,..,..,..,..,..,..,..,..,..,..,..,..
Latin America & Caribbean,LCN,"Central government debt, total (% of GDP)",GC.DOD.TOTL.GD.ZS,..,..,..,..,..,..,..,..,..,..,..,..,..,..,..,..,..,..,..,..,..,..,..,..,..,..,..,..,..,..,..,..,..,..,..,..,..,..,..,..,..,..,..,..,..,..,..,..,..,..,..,..,..,..,..,..,..,..
Latin America & Caribbean (excluding high income),LAC,"Central government debt, total (% of GDP)",GC.DOD.TOTL.GD.ZS,..,..,..,..,..,..,..,..,..,..,..,..,..,..,..,..,..,..,..,..,..,..,..,..,..,..,..,..,..,..,..,..,..,..,..,..,..,..,..,..,..,..,..,..,..,..,..,..,..,..,..,..,..,..,..,..,..,..
Latin America & the Caribbean (IDA & IBRD countries),TLA,"Central government debt, total (% of GDP)",GC.DOD.TOTL.GD.ZS,..,..,..,..,..,..,..,..,..,..,..,..,..,..,..,..,..,..,..,..,..,..,..,..,..,..,..,..,..,..,..,..,..,..,..,..,..,..,..,..,..,..,..,..,..,..,..,..,..,..,..,..,..,..,..,..,..,..
Latvia,LVA,"Central government debt, total (% of GDP)",GC.DOD.TOTL.GD.ZS,..,..,..,..,..,..,..,..,..,..,..,..,..,..,..,..,..,..,..,..,..,..,..,..,..,..,..,..,..,..,..,..,..,..,..,..,..,..,15.8125877820581,19.1589105419314,19.3990605288675,21.526609510531,21.4197104743303,22.4078100883182,23.9805239849922,20.8220033318481,21.7942013188202,21.6917917142987,37.0991940605399,62.2094182959434,74.9757996856496,65.6337571634741,62.4385602873645,59.1422159992518,63.2792388343513,56.8605250210532,..,..
Least developed countries: UN classification,LDC,"Central government debt, total (% of GDP)",GC.DOD.TOTL.GD.ZS,..,..,..,..,..,..,..,..,..,..,..,..,..,..,..,..,..,..,..,..,..,..,..,..,..,..,..,..,..,..,..,..,..,..,..,..,..,..,..,..,..,..,..,..,..,..,..,..,..,..,..,..,..,..,..,..,..,..
Lebanon,LBN,"Central government debt, total (% of GDP)",GC.DOD.TOTL.GD.ZS,..,..,..,..,..,..,..,..,..,..,..,..,..,..,..,..,..,..,..,..,..,..,..,..,..,..,..,..,..,..,..,..,..,..,..,..,..,96.9088659793814,106.957053807029,128.641269114899,..,..,..,..,..,..,..,..,..,..,..,..,..,..,..,..,..,..
Lesotho,LSO,"Central government debt, total (% of GDP)",GC.DOD.TOTL.GD.ZS,..,..,..,..,..,..,..,..,..,..,..,..,..,..,..,..,..,..,..,..,..,..,..,..,..,..,..,..,..,..,..,..,..,..,..,..,..,..,..,..,..,..,..,..,..,..,..,..,44.5909490314411,..,..,..,..,..,..,..,..,..
Liberia,LBR,"Central government debt, total (% of GDP)",GC.DOD.TOTL.GD.ZS,..,..,..,..,..,..,..,..,..,..,..,..,..,..,..,..,..,..,..,..,..,..,..,..,..,..,..,..,..,..,..,..,..,..,..,..,..,..,..,..,..,..,..,..,..,..,..,..,..,..,..,33.7194253914844,32.6822241428983,..,..,..,..,..
Libya,LBY,"Central government debt, total (% of GDP)",GC.DOD.TOTL.GD.ZS,..,..,..,..,..,..,..,..,..,..,..,..,..,..,..,..,..,..,..,..,..,..,..,..,..,..,..,..,..,..,..,..,..,..,..,..,..,..,..,..,..,..,..,..,..,..,..,..,..,..,..,..,..,..,..,..,..,..
Liechtenstein,LIE,"Central government debt, total (% of GDP)",GC.DOD.TOTL.GD.ZS,..,..,..,..,..,..,..,..,..,..,..,..,..,..,..,..,..,..,..,..,..,..,..,..,..,..,..,..,..,..,..,..,..,..,..,..,..,..,..,..,..,..,..,..,..,..,..,..,..,..,..,..,..,..,..,..,..,..
Lithuania,LTU,"Central government debt, total (% of GDP)",GC.DOD.TOTL.GD.ZS,..,..,..,..,..,..,..,..,..,..,..,..,..,..,..,..,..,..,..,..,..,..,..,..,..,..,..,..,..,..,..,..,..,..,..,..,..,..,7.99764834946617,8.9999219610077,9.45670102955375,9.17952053744183,8.82841736112416,7.88755490364523,7.5608039209826,6.92486703848043,6.02433801578176,5.1180494925501,4.27262911757958,8.89149597293267,11.9412462192875,11.8975146641521,13.669324429985,12.7352187570689,13.9774836950463,14.5398612302685,..,..
Low & middle income,LMY,"Central government debt, total (% of GDP)",GC.DOD.TOTL.GD.ZS,..,..,..,..,..,..,..,..,..,..,..,..,..,..,..,..,..,..,..,..,..,..,..,..,..,..,..,..,..,..,..,..,..,..,..,..,..,..,..,..,..,..,..,..,..,..,..,..,..,..,..,..,..,..,..,..,..,..
Low income,LIC,"Central government debt, total (% of GDP)",GC.DOD.TOTL.GD.ZS,..,..,..,..,..,..,..,..,..,..,..,..,..,..,..,..,..,..,..,..,..,..,..,..,..,..,..,..,..,..,..,..,..,..,..,..,..,..,..,..,..,..,..,..,..,..,..,..,..,..,..,..,..,..,..,..,..,..
Lower middle income,LMC,"Central government debt, total (% of GDP)",GC.DOD.TOTL.GD.ZS,..,..,..,..,..,..,..,..,..,..,..,..,..,..,..,..,..,..,..,..,..,..,..,..,..,..,..,..,..,..,55.4746851638672,53.0204558784002,53.0832894608702,54.6116557340861,..,..,..,..,57.3904625266846,54.7207732289334,..,..,54.5098211916031,54.8526425014657,..,..,..,..,45.8688212125986,45.7618385952521,42.4939605276664,41.9113823814383,41.3614922427048,41.9312794418906,..,..,..,..
Luxembourg,LUX,"Central government debt, total (% of GDP)",GC.DOD.TOTL.GD.ZS,..,..,..,..,..,..,..,..,..,..,..,..,..,..,..,..,..,..,..,..,..,..,..,..,..,..,..,..,..,..,2.43434946546257,1.88995376231467,2.53287319181684,2.80255434132565,..,..,..,4.38128082100711,..,..,4.98993644849782,4.63480412448637,4.49363061398914,3.79677767668148,3.98587082328337,3.63891556053493,4.36800545111279,4.62948746506479,12.138863080768,12.9773238561073,17.892412750102,17.2500162389505,29.987663677041,30.0082086604151,31.3764562611988,30.4070615441722,..,..
"Macao SAR, China",MAC,"Central government debt, total (% of GDP)",GC.DOD.TOTL.GD.ZS,..,..,..,..,..,..,..,..,..,..,..,..,..,..,..,..,..,..,..,..,..,..,..,..,..,..,..,..,..,..,..,..,..,..,..,..,..,..,..,..,..,..,..,..,..,..,..,..,..,..,..,..,..,..,..,..,..,..
"Macedonia, FYR",MKD,"Central government debt, total (% of GDP)",GC.DOD.TOTL.GD.ZS,..,..,..,..,..,..,..,..,..,..,..,..,..,..,..,..,..,..,..,..,..,..,..,..,..,..,..,..,..,..,..,..,..,..,..,..,..,..,..,..,..,..,..,..,..,..,..,..,..,..,..,..,..,..,..,..,..,..
Madagascar,MDG,"Central government debt, total (% of GDP)",GC.DOD.TOTL.GD.ZS,..,..,..,..,..,..,..,..,..,..,..,..,..,..,..,..,..,..,..,..,..,..,..,..,..,..,..,..,..,..,109.409210047754,139.933075374081,131.549648490247,125.621238453398,183.65159502089,119.809562078255,..,..,..,..,111.879461393345,96.7681619993647,..,..,..,..,..,..,..,..,..,..,..,..,..,..,..,..
Malawi,MWI,"Central government debt, total (% of GDP)",GC.DOD.TOTL.GD.ZS,..,..,..,..,..,..,..,..,..,..,..,..,..,..,..,..,..,..,..,..,..,..,..,..,..,..,..,..,..,..,..,..,..,..,..,..,..,..,..,..,..,..,..,..,..,..,..,..,..,29.2734146419207,28.0301095494911,27.4257346508333,41.4204771686525,36.2569334751656,40.6328150545127,39.5422371324465,55.38928454203,..
Malaysia,MYS,"Central government debt, total (% of GDP)",GC.DOD.TOTL.GD.ZS,..,..,..,..,..,..,..,..,..,..,..,..,..,..,..,..,..,..,..,..,..,..,..,..,..,..,..,..,..,..,79.5366179323318,73.3198641237983,64.3777251279192,55.6921593793011,47.6199733960913,41.0698874465101,..,..,..,..,..,..,43.0474515411835,45.0766412986635,45.6965419186624,42.0675597614326,40.5884641486101,40.0881257702829,39.7997545288773,50.8357553824479,49.5598230655171,50.0286816425423,51.646484791264,52.9993039554767,52.6747537655924,54.4915282067591,..,..
Maldives,MDV,"Central government debt, total (% of GDP)",GC.DOD.TOTL.GD.ZS,..,..,..,..,..,..,..,..,..,..,..,..,..,..,..,..,..,..,..,..,..,..,..,..,..,..,..,..,..,..,30.7823377634974,35.5734695506425,41.6154638148062,45.5515611288816,44.2117002448663,47.3520580907562,43.0352763629504,39.670387725631,40.9867359654762,40.126298421858,40.8644099852265,31.2308703408131,33.5908378331301,30.6059734150627,27.8308610158655,35.2467424059425,31.5541273913263,31.2299284403201,32.6683328704989,50.4069355337053,61.1401469945276,64.8949484385046,..,..,..,..,..,..
Mali,MLI,"Central government debt, total (% of GDP)",GC.DOD.TOTL.GD.ZS,..,..,..,..,..,..,..,..,..,..,..,..,..,..,..,..,..,..,..,..,..,..,..,..,..,..,..,..,..,..,..,..,..,..,..,..,..,..,..,..,..,..,..,..,..,..,..,..,..,..,..,..,..,..,..,..,..,..
Malta,MLT,"Central government debt, total (% of GDP)",GC.DOD.TOTL.GD.ZS,..,..,..,..,..,..,..,..,..,..,..,..,..,..,..,..,..,..,..,..,..,..,..,..,..,..,..,..,..,..,46.911699356094,52.9265857269406,56.8779064413714,66.640517062744,69.8052683972446,..,..,..,..,..,..,..,..,185.550742365769,193.245337845671,195.208340165146,179.982654655379,172.058786789914,77.0489337053535,82.4059394650246,81.2921130388666,84.3955459345944,83.866370882202,84.2540234496251,84.5835363389156,80.8316335323772,..,..
Marshall Islands,MHL,"Central government debt, total (% of GDP)",GC.DOD.TOTL.GD.ZS,..,..,..,..,..,..,..,..,..,..,..,..,..,..,..,..,..,..,..,..,..,..,..,..,..,..,..,..,..,..,..,..,..,..,..,..,..,..,..,..,..,..,..,..,..,..,..,..,..,..,..,..,..,..,..,..,..,..
Mauritania,MRT,"Central government debt, total (% of GDP)",GC.DOD.TOTL.GD.ZS,..,..,..,..,..,..,..,..,..,..,..,..,..,..,..,..,..,..,..,..,..,..,..,..,..,..,..,..,..,..,..,..,..,..,..,..,..,..,..,..,..,..,..,..,..,..,..,..,..,..,..,..,..,..,..,..,..,..
Mauritius,MUS,"Central government debt, total (% of GDP)",GC.DOD.TOTL.GD.ZS,..,..,..,..,..,..,..,..,..,..,..,..,..,..,..,..,..,..,..,..,..,..,..,..,..,..,..,..,..,..,39.4252028397566,39.744025246825,31.8364393110729,30.1042199740163,30.9649091668692,32.6150707806185,35.504851626856,35.5853955031827,33.4031362621164,31.6099817936294,32.4340531071686,30.4359908391603,53.1227218346603,61.0046942913628,53.2165579094893,57.0901863961672,50.8653026427963,47.8504845010599,43.0201509917187,46.2353130698255,48.9456320200547,49.6565521538075,49.1047044866018,..,..,..,..,..
Mexico,MEX,"Central government debt, total (% of GDP)",GC.DOD.TOTL.GD.ZS,..,..,..,..,..,..,..,..,..,..,..,..,..,..,..,..,..,..,..,..,..,..,..,..,..,..,..,..,..,..,46.3684059806746,38.0588847157036,28.1120911052451,20.2446701473608,28.1828350361042,33.9955244435466,26.0254438773894,21.5024579255104,23.3288420865441,21.2194288766551,19.7461544840953,..,..,..,..,..,..,..,..,..,..,..,..,..,..,..,..,..
"Micronesia, Fed. Sts.",FSM,"Central government debt, total (% of GDP)",GC.DOD.TOTL.GD.ZS,..,..,..,..,..,..,..,..,..,..,..,..,..,..,..,..,..,..,..,..,..,..,..,..,..,..,..,..,..,..,..,..,..,..,..,..,..,..,..,..,..,..,..,..,..,..,..,..,26.7928071367676,25.6959088814169,24.387045368309,25.2843282439673,27.2327998939341,26.4471499935387,23.477919150381,30.0875315227334,..,..
Middle East & North Africa,MEA,"Central government debt, total (% of GDP)",GC.DOD.TOTL.GD.ZS,..,..,..,..,..,..,..,..,..,..,..,..,..,..,..,..,..,..,..,..,..,..,..,..,..,..,..,..,..,..,..,..,..,..,..,..,..,..,..,..,..,..,..,..,..,..,..,..,..,..,..,..,..,..,..,..,..,..
Middle East & North Africa (excluding high income),MNA,"Central government debt, total (% of GDP)",GC.DOD.TOTL.GD.ZS,..,..,..,..,..,..,..,..,..,..,..,..,..,..,..,..,..,..,..,..,..,..,..,..,..,..,..,..,..,..,..,..,..,..,..,..,..,..,..,..,..,..,..,..,..,..,..,..,..,..,..,..,..,..,..,..,..,..
Middle East & North Africa (IDA & IBRD countries),TMN,"Central government debt, total (% of GDP)",GC.DOD.TOTL.GD.ZS,..,..,..,..,..,..,..,..,..,..,..,..,..,..,..,..,..,..,..,..,..,..,..,..,..,..,..,..,..,..,..,..,..,..,..,..,..,..,..,..,..,..,..,..,..,..,..,..,..,..,..,..,..,..,..,..,..,..
Middle income,MIC,"Central government debt, total (% of GDP)",GC.DOD.TOTL.GD.ZS,..,..,..,..,..,..,..,..,..,..,..,..,..,..,..,..,..,..,..,..,..,..,..,..,..,..,..,..,..,..,..,..,..,..,..,..,..,..,..,..,..,..,..,..,..,..,..,..,..,..,..,..,..,..,..,..,..,..
Moldova,MDA,"Central government debt, total (% of GDP)",GC.DOD.TOTL.GD.ZS,..,..,..,..,..,..,..,..,..,..,..,..,..,..,..,..,..,..,..,..,..,..,..,..,..,..,..,..,..,..,..,..,..,..,..,37.628748825235,40.1229860454116,48.087178525425,85.8247861791665,77.8983143065465,73.0188822348686,60.7753291163718,59.5592506390136,52.5339189609093,51.9546574016172,32.4252163949683,29.1790519570973,23.239752383563,18.4426494931108,27.6322264363496,26.3229814691074,23.7090558669758,24.3259057045236,23.6876927668889,24.8099955377064,25.2940120591043,..,..
Monaco,MCO,"Central government debt, total (% of GDP)",GC.DOD.TOTL.GD.ZS,..,..,..,..,..,..,..,..,..,..,..,..,..,..,..,..,..,..,..,..,..,..,..,..,..,..,..,..,..,..,..,..,..,..,..,..,..,..,..,..,..,..,..,..,..,..,..,..,..,..,..,..,..,..,..,..,..,..
Mongolia,MNG,"Central government debt, total (% of GDP)",GC.DOD.TOTL.GD.ZS,..,..,..,..,..,..,..,..,..,..,..,..,..,..,..,..,..,..,..,..,..,..,..,..,..,..,..,..,..,..,..,..,20.621673383358,41.4415301033198,51.434529837839,37.0712826765271,49.4796320305737,54.6275786922475,71.5753340452053,83.9144976966664,78.41832770873,69.0997980938579,..,95.7255313439215,..,..,50.4944776193297,43.5140123874587,..,59.507115138108,..,..,..,45.886558144398,..,..,..,..
Montenegro,MNE,"Central government debt, total (% of GDP)",GC.DOD.TOTL.GD.ZS,..,..,..,..,..,..,..,..,..,..,..,..,..,..,..,..,..,..,..,..,..,..,..,..,..,..,..,..,..,..,..,..,..,..,..,..,..,..,..,..,..,..,..,..,..,..,..,..,..,..,..,..,..,..,..,..,..,..
Morocco,MAR,"Central government debt, total (% of GDP)",GC.DOD.TOTL.GD.ZS,..,..,..,..,..,..,..,..,..,..,..,..,..,..,..,..,..,..,..,..,..,..,..,..,..,..,..,..,..,..,87.1967599759139,62.0674162757784,70.9378689831812,74.12313156115,69.8259155220588,68.3949152787535,..,64.4624151446094,61.1859346067606,61.6171338240012,..,..,54.0303385454133,..,..,..,54.80562992585,50.9355551094158,45.4427659043265,47.5036306769826,50.9624992353025,55.6277203238232,..,..,..,..,..,..
Mozambique,MOZ,"Central government debt, total (% of GDP)",GC.DOD.TOTL.GD.ZS,..,..,..,..,..,..,..,..,..,..,..,..,..,..,..,..,..,..,..,..,..,..,..,..,..,..,..,..,..,..,..,..,..,..,..,..,..,..,..,..,..,..,..,..,..,..,..,..,..,..,..,..,..,..,..,..,..,..
Myanmar,MMR,"Central government debt, total (% of GDP)",GC.DOD.TOTL.GD.ZS,..,..,..,..,..,..,..,..,..,..,..,..,..,..,..,..,..,..,..,..,..,..,..,..,..,..,..,..,..,..,..,..,..,..,..,..,..,..,..,..,..,..,..,..,..,..,..,..,..,..,..,..,..,..,..,..,..,..
Namibia,NAM,"Central government debt, total (% of GDP)",GC.DOD.TOTL.GD.ZS,..,..,..,..,..,..,..,..,..,..,..,..,..,..,..,..,..,..,..,..,..,..,..,..,..,..,..,..,..,..,..,..,..,..,..,..,..,..,..,..,..,..,..,..,..,..,..,..,16.9935714485796,15.8082771032135,16.9449717307022,23.1056935631209,20.6628679154414,23.2639597906506,22.9538981759184,..,..,..
Nauru,NRU,"Central government debt, total (% of GDP)",GC.DOD.TOTL.GD.ZS,..,..,..,..,..,..,..,..,..,..,..,..,..,..,..,..,..,..,..,..,..,..,..,..,..,..,..,..,..,..,..,..,..,..,..,..,..,..,..,..,..,..,..,..,..,..,..,..,..,..,..,..,..,..,..,..,..,..
Nepal,NPL,"Central government debt, total (% of GDP)",GC.DOD.TOTL.GD.ZS,..,..,..,..,..,..,..,..,..,..,..,..,..,..,..,..,..,..,..,..,..,..,..,..,..,..,..,..,..,..,52.6205809545912,64.911430440788,61.6569229882709,63.6815382338544,66.5412100044161,66.1836432074826,65.1978803839092,59.8824296913156,66.3514434343267,64.0681097896128,64.5733198414706,58.9890808776066,63.9354609821022,62.5881953798115,59.4156672858263,51.7646230480547,49.6869680346867,42.9786611378803,43.799987249558,..,33.8625212320188,..,..,..,..,..,..,..
Netherlands,NLD,"Central government debt, total (% of GDP)",GC.DOD.TOTL.GD.ZS,..,..,..,..,..,..,..,..,..,..,..,..,..,..,..,..,..,..,..,..,..,..,..,..,..,..,..,..,..,..,55.5116716187006,56.0043438217052,56.8138455956962,57.2622241487492,54.9963598145135,68.4521778687593,67.8118511045154,63.8098317354457,62.9359259211692,55.0405218422613,49.296635949123,46.0666756171648,47.1250816479643,48.2709687351358,48.8085445061353,48.2864102315028,42.7102684336651,40.2341507957214,52.8585040122786,55.1502736664831,58.7725965619022,62.9315212099625,68.4982423073823,68.3133460385938,73.4283749215696,70.5740017826234,..,..
New Caledonia,NCL,"Central government debt, total (% of GDP)",GC.DOD.TOTL.GD.ZS,..,..,..,..,..,..,..,..,..,..,..,..,..,..,..,..,..,..,..,..,..,..,..,..,..,..,..,..,..,..,..,..,..,..,..,..,..,..,..,..,..,..,..,..,..,..,..,..,..,..,..,..,..,..,..,..,..,..
New Zealand,NZL,"Central government debt, total (% of GDP)",GC.DOD.TOTL.GD.ZS,..,..,..,..,..,..,..,..,..,..,..,..,..,..,..,..,..,..,..,..,..,..,..,..,..,..,..,..,..,..,..,..,..,..,..,..,..,..,..,..,..,..,32.7761417940258,48.2453384728239,43.8672327898551,44.1701201698827,42.9262850867764,36.9415127057866,36.0558388752063,47.188881517022,49.2045014983041,62.5728913121773,67.1484010980724,59.3742332872768,56.7829377578268,56.7301543166968,..,..
Nicaragua,NIC,"Central government debt, total (% of GDP)",GC.DOD.TOTL.GD.ZS,..,..,..,..,..,..,..,..,..,..,..,..,..,..,..,..,..,..,..,..,..,..,..,..,..,..,..,..,..,..,..,..,..,..,..,..,..,..,..,..,..,..,..,..,..,..,..,..,..,..,..,..,..,..,..,..,..,..
Niger,NER,"Central government debt, total (% of GDP)",GC.DOD.TOTL.GD.ZS,..,..,..,..,..,..,..,..,..,..,..,..,..,..,..,..,..,..,..,..,..,..,..,..,..,..,..,..,..,..,..,..,..,..,..,..,..,..,..,..,..,..,..,..,..,..,..,..,..,..,..,..,..,..,..,..,..,..
Nigeria,NGA,"Central government debt, total (% of GDP)",GC.DOD.TOTL.GD.ZS,..,..,..,..,..,..,..,..,..,..,..,..,..,..,..,..,..,..,..,..,..,..,..,..,..,..,..,..,..,..,..,..,..,..,..,..,..,..,..,..,..,..,..,66.4329719879506,53.6304036345168,28.6454509295424,11.7842071707063,12.4049045068044,11.5287728976599,15.1307318172372,9.44954280454228,10.2327048226561,10.41933684786,10.5003131923354,..,..,..,..
North America,NAC,"Central government debt, total (% of GDP)",GC.DOD.TOTL.GD.ZS,..,..,..,..,..,..,..,..,..,..,..,..,..,..,..,..,..,..,..,..,..,..,..,..,..,..,..,..,..,39.0169632746068,42.7234180153622,46.0829754478633,48.1679803667542,50.5656381700216,49.8234259220682,49.8091814189942,49.4457965162961,46.7765083777048,43.8400031802276,40.1924073970069,35.4582670711165,52.4560034654128,53.528760697296,55.5138859396118,55.4914053418666,55.3258852264208,54.1696821841614,54.1049095013072,62.1895465712307,74.1226093308984,82.5762241607915,86.8057720779062,90.8020233742095,92.5347766802196,92.8637299474936,93.9251237944874,95.5471192661983,..
Northern Mariana Islands,MNP,"Central government debt, total (% of GDP)",GC.DOD.TOTL.GD.ZS,..,..,..,..,..,..,..,..,..,..,..,..,..,..,..,..,..,..,..,..,..,..,..,..,..,..,..,..,..,..,..,..,..,..,..,..,..,..,..,..,..,..,..,..,..,..,..,..,..,..,..,..,..,..,..,..,..,..
Norway,NOR,"Central government debt, total (% of GDP)",GC.DOD.TOTL.GD.ZS,..,..,..,..,..,..,..,..,..,..,..,..,..,..,..,..,..,..,..,..,..,..,..,..,..,..,..,..,..,..,19.8470381137812,18.5942813892647,22.342831631806,31.5607902735562,30.751981347305,..,..,..,..,..,22.9732884316188,19.6164478120396,28.5234213209878,37.1150392099841,38.6969894740741,36.2427360878296,47.3822648909048,44.8808248658112,43.4670566289754,35.2456972018745,35.1601817543721,20.400483815567,21.4173508232812,21.4643841655883,18.3750900769368,22.8814219904646,..,..
Not classified,INX,"Central government debt, total (% of GDP)",GC.DOD.TOTL.GD.ZS,..,..,..,..,..,..,..,..,..,..,..,..,..,..,..,..,..,..,..,..,..,..,..,..,..,..,..,..,..,..,..,..,..,..,..,..,..,..,..,..,..,..,..,..,..,..,..,..,..,..,..,..,..,..,..,..,..,..
OECD members,OED,"Central government debt, total (% of GDP)",GC.DOD.TOTL.GD.ZS,..,..,..,..,..,..,..,..,..,..,..,..,..,..,..,..,..,..,..,..,..,..,..,..,..,..,..,..,..,..,38.7378528775204,40.2343756257454,42.0566662336469,42.5691997125967,45.2548919152899,53.0469644239344,54.3089804105517,54.2795310022883,55.6356774297927,54.7946738642572,52.4882068336927,59.6794612803233,61.6905185501146,63.8107608216096,64.8153605778055,65.0350597004258,63.4644302778063,62.7173573374857,68.302941519342,79.1244122329851,84.9335392894379,89.8152744120333,94.3092854381886,95.6030596872318,99.3898082117171,99.9880613834667,..,..
Oman,OMN,"Central government debt, total (% of GDP)",GC.DOD.TOTL.GD.ZS,..,..,..,..,..,..,..,..,..,..,..,..,..,..,..,..,..,..,..,..,..,..,..,..,..,..,..,..,..,..,19.5797814329275,27.1739130434783,30.2115750120094,27.3086851528021,29.4465806373684,27.4104501516836,25.9826702756073,23.7556449626406,28.750923681817,26.6780254519786,..,..,..,15.6872881152172,13.853764073265,8.51811563885867,7.88007966735386,6.18534402847644,4.11989017042373,5.61560415580507,5.03909408248008,4.77453880912541,4.61387499503068,4.8975539705374,..,..,..,..
Other small states,OSS,"Central government debt, total (% of GDP)",GC.DOD.TOTL.GD.ZS,..,..,..,..,..,..,..,..,..,..,..,..,..,..,..,..,..,..,..,..,..,..,..,..,..,..,..,..,..,..,..,..,..,..,..,..,..,..,..,..,..,..,..,..,..,..,..,..,..,..,..,..,..,..,..,..,..,..
Pacific island small states,PSS,"Central government debt, total (% of GDP)",GC.DOD.TOTL.GD.ZS,..,..,..,..,..,..,..,..,..,..,..,..,..,..,..,..,..,..,..,..,..,..,..,..,..,..,..,..,..,..,..,..,..,..,..,..,..,..,..,..,..,..,..,..,..,..,..,..,..,..,..,..,..,..,..,..,..,..
Pakistan,PAK,"Central government debt, total (% of GDP)",GC.DOD.TOTL.GD.ZS,..,..,..,..,..,..,..,..,..,..,..,..,..,..,..,..,..,..,..,..,..,..,..,..,..,..,..,..,..,..,78.7725332004153,76.3809057325292,74.9108034822321,79.4185625198325,..,..,..,..,79.0846919843326,..,..,..,..,..,..,..,..,..,..,..,..,..,..,..,..,..,..,..
Palau,PLW,"Central government debt, total (% of GDP)",GC.DOD.TOTL.GD.ZS,..,..,..,..,..,..,..,..,..,..,..,..,..,..,..,..,..,..,..,..,..,..,..,..,..,..,..,..,..,..,..,..,..,..,..,..,..,..,..,..,..,..,..,..,..,..,..,..,..,..,..,..,..,..,..,..,..,..
Panama,PAN,"Central government debt, total (% of GDP)",GC.DOD.TOTL.GD.ZS,..,..,..,..,..,..,..,..,..,..,..,..,..,..,..,..,..,..,..,..,..,..,..,..,..,..,..,..,..,..,..,..,..,..,..,..,..,..,..,..,..,..,..,..,..,..,..,..,..,..,..,..,..,..,..,..,..,..
Papua New Guinea,PNG,"Central government debt, total (% of GDP)",GC.DOD.TOTL.GD.ZS,..,..,..,..,..,..,..,..,..,..,..,..,..,..,..,..,..,..,..,..,..,..,..,..,..,..,..,..,..,..,48.9532540146935,46.6108276015088,44.8643144683874,44.3261901337552,53.5450156411045,53.6620013882835,55.6433690965017,62.4046556302616,66.3501460864216,63.5373009220453,57.7415312557776,68.2675567269125,69.7344601261207,..,..,..,..,..,..,..,..,..,..,..,..,..,..,..
Paraguay,PRY,"Central government debt, total (% of GDP)",GC.DOD.TOTL.GD.ZS,..,..,..,..,..,..,..,..,..,..,..,..,..,..,..,..,..,..,..,..,..,..,..,..,..,..,..,..,..,..,..,..,..,..,..,..,..,..,..,..,..,..,..,..,..,..,..,..,..,..,..,..,..,..,..,..,..,..
Peru,PER,"Central government debt, total (% of GDP)",GC.DOD.TOTL.GD.ZS,..,..,..,..,..,..,..,..,..,..,..,..,..,..,..,..,..,..,..,..,..,..,..,..,..,..,..,..,..,..,189.246285557587,77.4708243281301,79.7592531936779,69.9612520250562,55.4915347082036,..,..,..,..,..,..,..,..,..,..,..,32.5394575436311,28.5288183926826,26.076322347553,26.4008658753596,23.6817913396941,20.7202165724133,19.2166594587652,18.3905633306831,19.3186117220959,22.6493603114222,..,..
Philippines,PHL,"Central government debt, total (% of GDP)",GC.DOD.TOTL.GD.ZS,..,..,..,..,..,..,..,..,..,..,..,..,..,..,..,..,..,..,..,..,..,..,..,..,..,..,..,..,..,..,51.3017098372967,49.6981196479839,52.7731308807089,67.1312896883395,56.4165010762393,61.0637419325051,53.1896173066989,55.6537713305447,60.1252681647705,54.5186939614351,60.5105553062874,61.3278693172413,67.0613745689193,73.7694148217931,74.4458995436298,68.4819007984255,61.416189810093,53.860976252573,54.6685131847371,54.7789752484403,52.4038595519936,50.999369434005,51.4824181483557,49.236877231987,45.3946271793711,..,..,..
Poland,POL,"Central government debt, total (% of GDP)",GC.DOD.TOTL.GD.ZS,..,..,..,..,..,..,..,..,..,..,..,..,..,..,..,..,..,..,..,..,..,..,..,..,..,..,..,..,..,..,..,..,..,..,60.4543984704576,..,..,..,41.3716920020658,42.5494625620278,40.6200805320254,40.0915413955575,46.5217235759921,50.0346364356389,49.0537606289829,50.0924815339819,50.6125306592486,47.6568387637304,50.2472262374725,52.3545264274804,55.4528930731884,56.3185906678078,56.1870930997575,57.85343442525,53.0187753241255,53.3315067183676,..,..
Portugal,PRT,"Central government debt, total (% of GDP)",GC.DOD.TOTL.GD.ZS,..,..,..,..,..,..,..,..,..,..,..,..,..,..,..,..,..,..,..,..,..,..,..,..,..,..,..,..,..,..,..,..,..,8.24492619665797,5.65684778926255,..,..,..,63.9179488059777,61.5323355535735,60.9053868249733,61.7498050211061,64.9374618132861,68.5154149703065,74.0501826712258,77.1213340466825,76.7491586325945,75.2311093213802,80.1829259668203,92.8815509581489,100.248490227956,102.721379988433,135.310586792172,139.493486105105,151.823829867802,150.273281426991,..,..
Post-demographic dividend,PST,"Central government debt, total (% of GDP)",GC.DOD.TOTL.GD.ZS,..,..,..,..,..,..,..,..,..,..,..,..,..,..,..,..,..,..,..,..,..,..,..,..,..,..,..,..,..,..,38.1831231883254,40.0847857632227,42.2395939309467,42.9433362465266,45.272170610867,53.6633100430333,55.154933347057,55.1436589291643,56.9903272062651,55.8084907465778,53.6335742815012,60.1119179169233,62.1323713345861,64.3242263738472,65.3019527187191,65.3708557097557,63.7195047376453,62.96097207803,69.0002135598752,79.8887527501302,85.7555809723399,90.7195244668352,95.2689874914074,96.6309563123942,100.736854131232,101.636771820554,..,..
Pre-demographic dividend,PRE,"Central government debt, total (% of GDP)",GC.DOD.TOTL.GD.ZS,..,..,..,..,..,..,..,..,..,..,..,..,..,..,..,..,..,..,..,..,..,..,..,..,..,..,..,..,..,..,..,..,..,..,..,..,..,..,..,..,..,..,..,..,..,..,..,..,..,..,..,..,..,..,..,..,..,..
Puerto Rico,PRI,"Central government debt, total (% of GDP)",GC.DOD.TOTL.GD.ZS,..,..,..,..,..,..,..,..,..,..,..,..,..,..,..,..,..,..,..,..,..,..,..,..,..,..,..,..,..,..,..,..,..,..,..,..,..,..,..,..,..,..,..,..,..,..,..,..,..,..,..,..,..,..,..,..,..,..
Qatar,QAT,"Central government debt, total (% of GDP)",GC.DOD.TOTL.GD.ZS,..,..,..,..,..,..,..,..,..,..,..,..,..,..,..,..,..,..,..,..,..,..,..,..,..,..,..,..,..,..,..,..,..,..,..,..,..,..,..,..,..,..,..,..,..,..,..,..,..,..,..,..,..,..,..,..,..,..
Romania,ROU,"Central government debt, total (% of GDP)",GC.DOD.TOTL.GD.ZS,..,..,..,..,..,..,..,..,..,..,..,..,..,..,..,..,..,..,..,..,..,..,..,..,..,..,..,..,..,..,..,..,..,..,..,..,..,..,29.284688616374,29.8187435336359,27.7069417153797,28.2958271639995,27.7205202122781,24.193702892568,21.3051543009862,19.1115905329224,16.0926853067815,18.3062698875502,19.1531358322557,29.685395049937,34.5976735269332,38.853584834609,42.3414436768697,43.2903714138701,45.8227886939275,44.9559451820391,..,..
Russian Federation,RUS,"Central government debt, total (% of GDP)",GC.DOD.TOTL.GD.ZS,..,..,..,..,..,..,..,..,..,..,..,..,..,..,..,..,..,..,..,..,..,..,..,..,..,..,..,..,..,..,..,..,..,..,..,..,..,..,143.950258594463,100.744837452314,62.1492827420061,48.9835189409187,41.3958603941625,..,23.3982642215464,16.660868447567,9.89107286043072,7.15843296488458,6.49529517792077,8.69787049825806,9.09811373721887,8.70127941764006,8.70173755201603,9.31864945475752,11.1764680805178,13.5171883922935,..,..
Rwanda,RWA,"Central government debt, total (% of GDP)",GC.DOD.TOTL.GD.ZS,..,..,..,..,..,..,..,..,..,..,..,..,..,..,..,..,..,..,..,..,..,..,..,..,..,..,..,..,..,..,49.7969202729087,47.8601030997282,48.4289742567034,..,..,..,..,..,..,..,..,..,..,..,..,..,..,..,..,..,..,..,..,..,..,..,..,..
Samoa,WSM,"Central government debt, total (% of GDP)",GC.DOD.TOTL.GD.ZS,..,..,..,..,..,..,..,..,..,..,..,..,..,..,..,..,..,..,..,..,..,..,..,..,..,..,..,..,..,..,..,..,..,..,..,..,..,..,..,..,..,..,..,..,..,..,..,..,..,..,..,49.1185128439448,52.058894845589,55.6893850531865,54.406557824034,57.7801868824044,52.6126830991801,..
San Marino,SMR,"Central government debt, total (% of GDP)",GC.DOD.TOTL.GD.ZS,..,..,..,..,..,..,..,..,..,..,..,..,..,..,..,..,..,..,..,..,..,..,..,..,..,..,..,..,..,..,..,..,..,..,..,5102.68136886042,..,..,..,..,..,..,16.5484665240642,34.4739340301508,41.4913517332705,51.0809939584087,62.0422677096499,61.4591916715328,59.0464083515806,..,..,..,..,..,..,..,..,..
Sao Tome and Principe,STP,"Central government debt, total (% of GDP)",GC.DOD.TOTL.GD.ZS,..,..,..,..,..,..,..,..,..,..,..,..,..,..,..,..,..,..,..,..,..,..,..,..,..,..,..,..,..,..,..,..,..,..,..,..,..,..,..,..,..,..,..,..,..,..,..,..,..,..,..,..,..,..,..,..,..,..
Saudi Arabia,SAU,"Central government debt, total (% of GDP)",GC.DOD.TOTL.GD.ZS,..,..,..,..,..,..,..,..,..,..,..,..,..,..,..,..,..,..,..,..,..,..,..,..,..,..,..,..,..,..,..,..,..,..,..,..,..,..,..,..,..,..,..,..,..,..,..,..,..,..,..,..,..,..,..,..,..,..
Senegal,SEN,"Central government debt, total (% of GDP)",GC.DOD.TOTL.GD.ZS,..,..,..,..,..,..,..,..,..,..,..,..,..,..,..,..,..,..,..,..,..,..,..,..,..,..,..,..,..,..,..,..,..,..,..,..,85.9831588690348,85.1496801845407,82.5060671896265,83.6137059811018,73.7236277395006,68.8524846525501,..,..,..,..,..,..,..,..,..,..,..,..,..,..,..,..
Serbia,SRB,"Central government debt, total (% of GDP)",GC.DOD.TOTL.GD.ZS,..,..,..,..,..,..,..,..,..,..,..,..,..,..,..,..,..,..,..,..,..,..,..,..,..,..,..,..,..,..,..,..,..,..,..,..,..,..,..,..,..,..,..,..,..,..,..,..,..,..,..,..,..,..,..,..,..,..
Seychelles,SYC,"Central government debt, total (% of GDP)",GC.DOD.TOTL.GD.ZS,..,..,..,..,..,..,..,..,..,..,..,..,..,..,..,..,..,..,..,..,..,..,..,..,..,..,..,..,..,..,..,..,..,..,..,..,..,..,..,..,..,..,..,..,..,..,..,..,176.92433805069,100.445570307955,75.3534158588627,78.8413155501667,72.9908646423057,48.5194770202762,64.9877291813269,60.6037215880634,..,..
Sierra Leone,SLE,"Central government debt, total (% of GDP)",GC.DOD.TOTL.GD.ZS,..,..,..,..,..,..,..,..,..,..,..,..,..,..,..,..,..,..,..,..,..,..,..,..,..,..,..,..,..,..,99.8187750289675,74.7845791207789,113.149936246838,97.8200829244031,87.6984103991413,103.74317401083,116.247627043971,119.141294852299,187.780966340634,247.381394778853,..,..,..,..,..,..,..,..,..,..,..,..,..,..,..,..,..,..
Singapore,SGP,"Central government debt, total (% of GDP)",GC.DOD.TOTL.GD.ZS,..,..,..,..,..,..,..,..,..,..,..,..,..,..,..,..,..,..,..,..,..,..,..,..,..,..,..,..,..,..,77.8387486118459,78.962945424411,81.8417001322932,72.8302522209012,70.1990093017725,72.7150566765643,72.6539458380202,71.3323718175003,82.6190408134952,87.8619404184208,84.0527376909375,94.4715425809553,107.022478905715,109.311000628418,102.53391813017,95.2573158425833,83.3044478037771,77.6885365445431,97.1051590482255,107.336577835902,102.903421039325,106.211614630361,110.037554733305,101.111769796762,101.778343168624,107.206480034384,..,..
Sint Maarten (Dutch part),SXM,"Central government debt, total (% of GDP)",GC.DOD.TOTL.GD.ZS,..,..,..,..,..,..,..,..,..,..,..,..,..,..,..,..,..,..,..,..,..,..,..,..,..,..,..,..,..,..,..,..,..,..,..,..,..,..,..,..,..,..,..,..,..,..,..,..,..,..,..,..,..,..,..,..,..,..
Slovak Republic,SVK,"Central government debt, total (% of GDP)",GC.DOD.TOTL.GD.ZS,..,..,..,..,..,..,..,..,..,..,..,..,..,..,..,..,..,..,..,..,..,..,..,..,..,..,..,..,..,..,..,..,..,..,..,..,..,..,36.6266973741764,46.9416020094713,53.0211143938889,51.4314138636134,45.3547415785721,43.7669852338689,42.4043676470847,37.0605631345471,35.2304111199449,33.7073964771907,32.7525323790327,40.1947557615216,44.4299466412443,47.3186939791827,55.9787846840358,58.6965141493501,58.0022394490301,56.5875655431169,..,..
Slovenia,SVN,"Central government debt, total (% of GDP)",GC.DOD.TOTL.GD.ZS,..,..,..,..,..,..,..,..,..,..,..,..,..,..,..,..,..,..,..,..,..,..,..,..,..,..,..,..,..,..,..,..,..,..,..,..,..,..,..,..,..,..,..,..,32.9240387130152,32.145714593477,32.2178329444488,27.608291931549,26.6659359034592,39.9252864883304,43.8344943671833,47.395022450042,57.4988433927589,76.3085094821776,94.1160907381611,94.8999237876784,..,..
Small states,SST,"Central government debt, total (% of GDP)",GC.DOD.TOTL.GD.ZS,..,..,..,..,..,..,..,..,..,..,..,..,..,..,..,..,..,..,..,..,..,..,..,..,..,..,..,..,..,..,..,..,..,..,..,..,..,..,..,..,..,..,..,..,..,..,..,..,..,..,..,..,..,..,..,..,..,..
Solomon Islands,SLB,"Central government debt, total (% of GDP)",GC.DOD.TOTL.GD.ZS,..,..,..,..,..,..,..,..,..,..,..,..,..,..,..,..,..,..,..,..,..,..,..,..,..,..,..,..,..,..,..,..,..,..,..,..,..,..,..,..,..,..,..,..,..,..,..,..,..,..,..,16.7136091582521,13.4027971020096,12.2625473289534,10.0701011929875,7.80417134131059,..,..
Somalia,SOM,"Central government debt, total (% of GDP)",GC.DOD.TOTL.GD.ZS,..,..,..,..,..,..,..,..,..,..,..,..,..,..,..,..,..,..,..,..,..,..,..,..,..,..,..,..,..,..,..,..,..,..,..,..,..,..,..,..,..,..,..,..,..,..,..,..,..,..,..,..,..,..,..,..,..,..
South Africa,ZAF,"Central government debt, total (% of GDP)",GC.DOD.TOTL.GD.ZS,..,..,..,..,..,..,..,..,..,..,..,..,..,..,..,..,..,..,..,..,..,..,..,..,..,..,..,..,..,..,35.3398824635165,36.9948428757177,40.3064189532554,43.7840067079228,49.2296965336848,49.5658573784738,48.9129561258787,47.8133795655631,49.5834088265337,46.7728777255068,44.1132212645986,..,..,..,..,..,..,..,26.0184722820795,..,..,..,..,..,..,..,..,..
South Asia,SAS,"Central government debt, total (% of GDP)",GC.DOD.TOTL.GD.ZS,..,..,..,..,..,..,..,..,..,..,..,..,..,..,..,..,..,..,..,..,..,..,..,..,..,..,..,..,..,..,55.4575577622349,54.692118761932,54.1493623975839,56.477721103949,51.7299008053805,49.6758333772883,47.8820489883928,52.1487241537751,54.9903125723397,53.420602958144,57.032510725937,59.0744239453721,62.4010765554861,61.932021280368,64.5398486027912,63.8151446658035,61.669100701142,58.8836878349215,57.7088285259286,56.9115407597095,52.6153007192175,52.1760101001523,51.245423019041,50.9758514791277,..,..,..,..
South Asia (IDA & IBRD),TSA,"Central government debt, total (% of GDP)",GC.DOD.TOTL.GD.ZS,..,..,..,..,..,..,..,..,..,..,..,..,..,..,..,..,..,..,..,..,..,..,..,..,..,..,..,..,..,..,55.4575577622349,54.692118761932,54.1493623975839,56.477721103949,51.7299008053805,49.6758333772883,47.8820489883928,52.1487241537751,54.9903125723397,53.420602958144,57.032510725937,59.0744239453721,62.4010765554861,61.932021280368,64.5398486027912,63.8151446658035,61.669100701142,58.8836878349215,57.7088285259286,56.9115407597095,52.6153007192175,52.1760101001523,51.245423019041,50.9758514791277,..,..,..,..
South Sudan,SSD,"Central government debt, total (% of GDP)",GC.DOD.TOTL.GD.ZS,..,..,..,..,..,..,..,..,..,..,..,..,..,..,..,..,..,..,..,..,..,..,..,..,..,..,..,..,..,..,..,..,..,..,..,..,..,..,..,..,..,..,..,..,..,..,..,..,..,..,..,..,..,..,..,..,..,..
Spain,ESP,"Central government debt, total (% of GDP)",GC.DOD.TOTL.GD.ZS,..,..,..,..,..,..,..,..,..,..,2007.9641896889,1772.19904344825,..,..,..,..,..,..,..,..,..,..,..,..,..,..,..,..,..,..,35.2280049082219,35.2608891486483,37.0848594349241,46.8260061065145,48.2356493032881,55.3985418113498,61.0846079443925,60.6768857772141,61.041581685143,55.9459950598671,53.4387620889749,49.1755869672122,47.5428673620824,42.8489107274429,40.9465765828516,37.9585112716347,33.7246794064133,29.7212175716849,33.8680011861599,46.0805683602185,47.940398533462,55.8641384213383,71.6118228388782,85.2363728347217,98.7321554814349,99.3514273828162,..,..
Sri Lanka,LKA,"Central government debt, total (% of GDP)",GC.DOD.TOTL.GD.ZS,..,..,..,..,..,..,..,..,..,..,..,..,..,..,..,..,..,..,..,..,..,..,..,..,..,..,..,..,..,..,96.5806255127663,98.4833957754233,95.3619119503954,96.7978140982655,94.8553232346257,94.6498205974494,92.343984335944,86.105931670321,89.1958239111344,95.1081546127673,96.9040326453759,103.219274149885,105.524990754701,102.270712023476,102.328536698869,90.6049131149854,88.6994841221229,84.9944169483341,..,86.063491912486,71.5853237180347,71.1081221287126,68.7104049236057,70.8211058550634,71.3327919520918,77.6427758442871,..,..
St. Kitts and Nevis,KNA,"Central government debt, total (% of GDP)",GC.DOD.TOTL.GD.ZS,..,..,..,..,..,..,..,..,..,..,..,..,..,..,..,..,..,..,..,..,..,..,..,..,..,..,..,..,..,..,..,..,..,..,..,..,..,..,..,..,..,..,78.9336289880427,93.1049358291281,91.6121274440765,93.0072257525067,85.7497797860662,99.2459211278196,97.3312765403656,107.868499280419,115.8419713991,114.342255565334,108.852569063844,74.4862943291781,64.7631842553505,..,..,..
St. Lucia,LCA,"Central government debt, total (% of GDP)",GC.DOD.TOTL.GD.ZS,..,..,..,..,..,..,..,..,..,..,..,..,..,..,..,..,..,..,..,..,..,..,..,..,..,..,..,..,..,..,..,..,..,..,..,..,..,..,..,..,36.7225118065827,48.0858811746439,60.1721582958342,58.1515503580962,59.2189689803327,62.1198812472211,56.331915369122,52.6039468766129,50.4258098027188,51.5027968540202,54.7372341371621,60.9945759944263,68.1298879297876,71.8987437382699,72.9022689526007,..,..,..
St. Martin (French part),MAF,"Central government debt, total (% of GDP)",GC.DOD.TOTL.GD.ZS,..,..,..,..,..,..,..,..,..,..,..,..,..,..,..,..,..,..,..,..,..,..,..,..,..,..,..,..,..,..,..,..,..,..,..,..,..,..,..,..,..,..,..,..,..,..,..,..,..,..,..,..,..,..,..,..,..,..
St. Vincent and the Grenadines,VCT,"Central government debt, total (% of GDP)",GC.DOD.TOTL.GD.ZS,..,..,..,..,..,..,..,..,..,..,..,..,..,..,..,..,..,..,..,..,..,..,..,..,..,..,..,..,..,..,..,..,..,..,..,..,..,39.3832023932378,40.0387163185079,51.9459985324308,..,..,..,..,..,..,..,..,..,..,..,..,..,..,..,..,..,..
Sub-Saharan Africa,SSF,"Central government debt, total (% of GDP)",GC.DOD.TOTL.GD.ZS,..,..,..,..,..,..,..,..,..,..,..,..,..,..,..,..,..,..,..,..,..,..,..,..,..,..,..,..,..,..,..,..,..,..,..,..,..,..,..,..,..,..,..,..,..,..,..,..,..,..,..,..,..,..,..,..,..,..
Sub-Saharan Africa (excluding high income),SSA,"Central government debt, total (% of GDP)",GC.DOD.TOTL.GD.ZS,..,..,..,..,..,..,..,..,..,..,..,..,..,..,..,..,..,..,..,..,..,..,..,..,..,..,..,..,..,..,..,..,..,..,..,..,..,..,..,..,..,..,..,..,..,..,..,..,..,..,..,..,..,..,..,..,..,..
Sub-Saharan Africa (IDA & IBRD countries),TSS,"Central government debt, total (% of GDP)",GC.DOD.TOTL.GD.ZS,..,..,..,..,..,..,..,..,..,..,..,..,..,..,..,..,..,..,..,..,..,..,..,..,..,..,..,..,..,..,..,..,..,..,..,..,..,..,..,..,..,..,..,..,..,..,..,..,..,..,..,..,..,..,..,..,..,..
Sudan,SDN,"Central government debt, total (% of GDP)",GC.DOD.TOTL.GD.ZS,..,..,..,..,..,..,..,..,..,..,..,..,..,..,..,..,..,..,..,..,..,..,..,..,..,..,..,..,..,..,..,..,..,..,..,..,..,..,..,..,..,..,..,..,..,..,..,..,..,..,..,..,..,..,..,..,..,..
Suriname,SUR,"Central government debt, total (% of GDP)",GC.DOD.TOTL.GD.ZS,..,..,..,..,..,..,..,..,..,..,..,..,..,..,..,..,..,..,..,..,..,..,..,..,..,..,..,..,..,..,..,..,..,..,..,..,..,..,..,..,..,..,..,..,..,..,..,..,..,..,..,..,..,..,..,..,..,..
Swaziland,SWZ,"Central government debt, total (% of GDP)",GC.DOD.TOTL.GD.ZS,..,..,..,..,..,..,..,..,..,..,..,..,..,..,..,..,..,..,..,..,..,..,..,..,..,..,..,..,..,..,..,..,..,..,..,..,..,..,..,22.7106420776584,..,..,..,..,..,..,..,..,..,..,12.7334103872817,12.5120960834414,13.0947289492598,..,..,..,..,..
Sweden,SWE,"Central government debt, total (% of GDP)",GC.DOD.TOTL.GD.ZS,..,..,..,..,..,..,..,..,..,..,..,..,..,..,..,..,..,..,..,..,..,..,..,..,..,..,..,..,..,..,..,32.4510306276656,37.1372959772184,50.6703562933449,58.2808282118029,..,85.4414927343073,87.7618098898557,87.6153975626073,77.1582060313139,69.3032308585515,59.6442075274501,58.1437003186146,56.7900529086301,56.193168551022,56.4986970961892,50.3442794815624,44.5083230387865,44.3159594745423,46.0370642135995,42.4056404641599,42.9586194957743,42.6114850195397,44.0450949877039,48.2206033265258,46.4288490381605,..,..
Switzerland,CHE,"Central government debt, total (% of GDP)",GC.DOD.TOTL.GD.ZS,..,..,..,..,..,..,..,..,..,..,..,..,..,..,..,..,..,..,..,..,..,..,..,..,..,..,..,..,..,..,12.7518515860066,13.4822109461468,15.7264338239371,19.0432520269225,20.719438547296,23.2249756766357,23.6334890630963,25.6359340161573,27.9143775432627,25.7775652291088,26.4295186563584,25.2968459396052,30.4896292405367,29.5157279569615,30.0458044508121,30.0979162104532,26.4593741451365,25.9586111508352,25.403462060685,23.8442674413069,23.1908746844717,23.1015184654952,23.3433173834177,22.2176222719332,22.674200298532,22.6727572802116,..,..
Syrian Arab Republic,SYR,"Central government debt, total (% of GDP)",GC.DOD.TOTL.GD.ZS,..,..,..,..,..,..,..,..,..,..,..,..,..,..,..,..,..,..,..,..,..,..,..,..,..,..,..,..,..,..,..,..,..,..,..,..,..,..,..,..,..,..,..,..,..,..,..,..,..,..,..,..,..,..,..,..,..,..
Tajikistan,TJK,"Central government debt, total (% of GDP)",GC.DOD.TOTL.GD.ZS,..,..,..,..,..,..,..,..,..,..,..,..,..,..,..,..,..,..,..,..,..,..,..,..,..,..,..,..,..,..,..,..,..,..,..,..,..,..,..,..,..,..,..,..,..,..,..,..,..,..,..,..,..,..,..,..,..,..
Tanzania,TZA,"Central government debt, total (% of GDP)",GC.DOD.TOTL.GD.ZS,..,..,..,..,..,..,..,..,..,..,..,..,..,..,..,..,..,..,..,..,..,..,..,..,..,..,..,..,..,..,..,..,..,..,..,..,..,..,..,..,..,..,..,..,..,..,..,..,..,..,..,..,..,..,..,..,..,..
Thailand,THA,"Central government debt, total (% of GDP)",GC.DOD.TOTL.GD.ZS,..,..,..,..,..,..,..,..,..,..,..,..,..,..,..,..,..,..,..,..,..,..,..,..,..,..,..,..,..,..,18.4477538501483,13.3655673362757,10.8789951587465,8.18621092657163,5.69321973711674,4.61010017761248,3.67349666548456,4.64153124886552,10.6698437688435,20.0057997991992,21.9645735166691,24.578278855449,30.0703562721572,27.0460226533416,24.3964383901634,25.4581349649067,24.3806272249009,22.9934516318146,22.4502103239211,26.7792257017954,26.9008306100831,28.1320061571374,28.4445894228372,29.2057939678199,30.0328190370924,..,..,..
Timor-Leste,TLS,"Central government debt, total (% of GDP)",GC.DOD.TOTL.GD.ZS,..,..,..,..,..,..,..,..,..,..,..,..,..,..,..,..,..,..,..,..,..,..,..,..,..,..,..,..,..,..,..,..,..,..,..,..,..,..,..,..,..,..,..,..,..,..,..,..,..,..,..,..,..,..,..,..,..,..
Togo,TGO,"Central government debt, total (% of GDP)",GC.DOD.TOTL.GD.ZS,..,..,..,..,..,..,..,..,..,..,..,..,..,..,..,..,..,..,..,..,..,..,..,..,..,..,..,..,..,..,..,..,..,..,..,..,..,..,..,..,..,..,..,..,..,..,..,..,..,..,..,..,..,..,..,..,..,..
Tonga,TON,"Central government debt, total (% of GDP)",GC.DOD.TOTL.GD.ZS,..,..,..,..,..,..,..,..,..,..,..,..,..,..,..,..,..,..,..,..,..,..,..,..,..,..,..,..,..,..,..,..,..,..,..,..,..,..,..,..,..,..,..,..,..,..,..,..,..,..,..,..,..,..,..,..,..,..
Trinidad and Tobago,TTO,"Central government debt, total (% of GDP)",GC.DOD.TOTL.GD.ZS,..,..,..,..,..,..,..,..,..,..,..,..,..,..,..,..,..,..,..,..,..,..,..,..,..,..,..,..,..,..,..,..,..,57.7750741388488,53.4380469232423,51.5122834581082,..,..,..,..,..,..,..,..,..,..,16.803206848237,15.928004235045,..,..,..,..,..,..,..,..,..,..
Tunisia,TUN,"Central government debt, total (% of GDP)",GC.DOD.TOTL.GD.ZS,..,..,..,..,..,..,..,..,..,..,..,..,..,..,..,..,..,..,..,..,..,..,..,..,..,..,..,..,..,..,54.7703800956018,60.6727188081937,55.4991317544397,59.3098274568642,59.0345141585198,57.518267866149,55.2965179400303,56.9353278066895,54.2817440338334,55.6386363803379,56.7214685407345,56.467642102279,55.9340939899214,55.0211600274784,53.8374194744404,52.4205297222421,48.562318473175,45.7895412461289,43.2919349060393,42.9297921509547,40.6626014003759,44.6247763295406,44.6596877243105,..,..,..,..,..
Turkey,TUR,"Central government debt, total (% of GDP)",GC.DOD.TOTL.GD.ZS,..,..,..,..,..,..,..,..,..,..,..,..,..,..,..,..,..,..,..,..,..,..,..,..,..,..,..,..,..,..,30.2454942016516,32.1299111323629,34.0172750620102,33.6982232562416,44.0175057105221,35.8414007648945,37.9207501444174,44.2932887174408,30.3184574598946,..,..,..,..,..,..,..,..,..,41.5459511265523,50.473089878058,47.4324456804089,42.3601055938696,39.2866761471944,32.9184777564688,31.563849387552,29.1025239929355,..,..
Turkmenistan,TKM,"Central government debt, total (% of GDP)",GC.DOD.TOTL.GD.ZS,..,..,..,..,..,..,..,..,..,..,..,..,..,..,..,..,..,..,..,..,..,..,..,..,..,..,..,..,..,..,..,..,..,..,..,..,..,..,..,..,..,..,..,..,..,..,..,..,..,..,..,..,..,..,..,..,..,..
Turks and Caicos Islands,TCA,"Central government debt, total (% of GDP)",GC.DOD.TOTL.GD.ZS,..,..,..,..,..,..,..,..,..,..,..,..,..,..,..,..,..,..,..,..,..,..,..,..,..,..,..,..,..,..,..,..,..,..,..,..,..,..,..,..,..,..,..,..,..,..,..,..,..,..,..,..,..,..,..,..,..,..
Tuvalu,TUV,"Central government debt, total (% of GDP)",GC.DOD.TOTL.GD.ZS,..,..,..,..,..,..,..,..,..,..,..,..,..,..,..,..,..,..,..,..,..,..,..,..,..,..,..,..,..,..,..,..,..,..,..,..,..,..,..,..,..,..,..,..,..,..,..,..,..,..,..,..,..,..,..,..,..,..
Uganda,UGA,"Central government debt, total (% of GDP)",GC.DOD.TOTL.GD.ZS,..,..,..,..,..,..,..,..,..,..,..,..,..,..,..,..,..,..,..,..,..,..,..,..,..,..,..,..,..,..,..,..,..,..,..,..,..,..,57.0469931640302,46.4462408361585,42.9265884592521,..,..,..,69.3423614438549,64.9470689673927,57.9277474414141,26.4924032713057,33.1931998927099,24.3811604794036,27.5525951530464,35.0153294807659,32.8175018842884,..,29.2286673590982,25.1545974486444,..,..
Ukraine,UKR,"Central government debt, total (% of GDP)",GC.DOD.TOTL.GD.ZS,..,..,..,..,..,..,..,..,..,..,..,..,..,..,..,..,..,..,..,..,..,..,..,..,..,..,..,..,..,..,..,..,..,..,..,..,..,..,..,60.976448181234,45.2874698653496,36.5491454037906,33.536645852708,29.0013903435274,24.7458658468386,17.7021767598742,14.8025563857959,12.3131516474246,13.826704329702,24.8751238579069,29.9695556383217,27.4827594960273,33.7031001609632,37.0287155729123,63.6653191884884,70.2588376218982,..,..
United Arab Emirates,ARE,"Central government debt, total (% of GDP)",GC.DOD.TOTL.GD.ZS,..,..,..,..,..,..,..,..,..,..,..,..,..,..,..,..,..,..,..,..,..,..,..,..,..,..,..,..,..,..,..,..,..,..,..,..,..,..,..,..,..,..,..,..,..,..,..,..,..,..,..,..,..,1.8919717250082,..,..,..,..
United Kingdom,GBR,"Central government debt, total (% of GDP)",GC.DOD.TOTL.GD.ZS,..,..,..,..,..,..,..,..,..,..,..,..,..,..,..,..,..,..,..,..,..,..,..,..,..,..,..,..,..,..,30.2033709452908,29.1948960284953,30.3997500632281,35.3135500060757,40.4800884599488,44.631899274006,44.3292641953186,45.2712080140171,46.7498990113311,43.6197433424239,43.1047228002069,38.8270307654552,39.3803958889764,39.3988807588883,42.7365400797318,44.5375245477025,44.0610478935784,45.0895884093567,55.6514551363847,70.0411791302036,83.4067967024476,97.1724660591522,101.521810770344,97.5145481940005,108.604977832404,107.628340472704,..,..
United States,USA,"Central government debt, total (% of GDP)",GC.DOD.TOTL.GD.ZS,..,..,..,..,..,..,..,..,..,..,..,..,..,..,..,..,..,..,..,..,..,..,..,..,..,..,..,..,..,39.0169632746068,40.8213674886351,43.9480256292352,45.9165424306183,48.1047485883271,47.2140603974275,47.0597829348935,46.5855106558467,43.9588012566627,41.0099142187712,37.612270180477,33.158223429011,51.993697127725,53.5029060313656,55.9686534319896,56.3840537394598,56.2891265633632,55.2941608650416,55.6342869536357,64.0318000742191,76.3153213328849,85.6015942399721,90.1787970892502,94.3979095346994,96.6088043405521,97.1084802981964,97.8391384031002,99.7688740972907,..
Upper middle income,UMC,"Central government debt, total (% of GDP)",GC.DOD.TOTL.GD.ZS,..,..,..,..,..,..,..,..,..,..,..,..,..,..,..,..,..,..,..,..,..,..,..,..,..,..,..,..,..,..,..,..,..,..,..,..,..,..,..,..,..,..,..,..,..,..,..,..,..,..,..,..,..,..,..,..,..,..
Uruguay,URY,"Central government debt, total (% of GDP)",GC.DOD.TOTL.GD.ZS,..,..,..,..,..,..,..,..,..,..,..,..,..,..,..,..,..,..,..,..,..,..,..,..,..,..,..,..,..,..,31.5959630364015,24.5905757591411,23.6047773194107,21.8791430371302,24.5301880718095,..,..,..,..,..,..,40.6433348596506,95.2678607204109,105.602780852245,85.425594123742,76.1144597080025,69.0268963476743,58.51206056239,57.2526825626092,49.2733291929105,44.22270174368,45.3514512307407,43.4034504473253,42.7408509975012,44.3579613374153,51.1864800276688,..,..
Uzbekistan,UZB,"Central government debt, total (% of GDP)",GC.DOD.TOTL.GD.ZS,..,..,..,..,..,..,..,..,..,..,..,..,..,..,..,..,..,..,..,..,..,..,..,..,..,..,..,..,..,..,..,..,..,..,..,..,..,..,..,..,..,..,..,..,..,..,..,..,..,..,..,..,..,..,..,..,..,..
Vanuatu,VUT,"Central government debt, total (% of GDP)",GC.DOD.TOTL.GD.ZS,..,..,..,..,..,..,..,..,..,..,..,..,..,..,..,..,..,..,..,..,..,..,..,..,..,..,..,..,..,..,24.9665623988782,..,..,..,..,25.7788963886664,23.814391588478,24.893760539629,28.4022961014111,27.3040009250694,..,..,..,..,..,..,..,..,..,..,..,..,..,..,..,..,..,..
"Venezuela, RB",VEN,"Central government debt, total (% of GDP)",GC.DOD.TOTL.GD.ZS,..,..,..,..,..,..,..,..,..,..,..,..,..,..,..,..,..,..,..,..,..,..,..,..,..,..,..,..,..,..,..,..,..,..,..,..,..,..,..,..,..,..,..,..,..,..,..,..,..,..,..,..,..,..,..,..,..,..
Vietnam,VNM,"Central government debt, total (% of GDP)",GC.DOD.TOTL.GD.ZS,..,..,..,..,..,..,..,..,..,..,..,..,..,..,..,..,..,..,..,..,..,..,..,..,..,..,..,..,..,..,..,..,..,..,..,..,..,..,..,..,..,..,..,..,..,..,..,..,..,..,..,..,..,..,..,..,..,..
Virgin Islands (U.S.),VIR,"Central government debt, total (% of GDP)",GC.DOD.TOTL.GD.ZS,..,..,..,..,..,..,..,..,..,..,..,..,..,..,..,..,..,..,..,..,..,..,..,..,..,..,..,..,..,..,..,..,..,..,..,..,..,..,..,..,..,..,..,..,..,..,..,..,..,..,..,..,..,..,..,..,..,..
West Bank and Gaza,PSE,"Central government debt, total (% of GDP)",GC.DOD.TOTL.GD.ZS,..,..,..,..,..,..,..,..,..,..,..,..,..,..,..,..,..,..,..,..,..,..,..,..,..,..,..,..,..,..,..,..,..,..,..,..,..,..,..,..,..,..,..,..,..,..,..,..,..,..,..,..,..,..,..,..,..,..
World,WLD,"Central government debt, total (% of GDP)",GC.DOD.TOTL.GD.ZS,..,..,..,..,..,..,..,..,..,..,..,..,..,..,..,..,..,..,..,..,..,..,..,..,..,..,..,..,..,..,..,41.4214014767034,43.0506539783349,..,..,..,53.4188341476403,54.2169253807165,57.8269106519202,55.8162815703051,52.6840504260939,58.9819481910122,60.3329602343566,62.8675140692859,62.9887438703304,62.6303555792486,60.6837728082539,59.7817049141643,63.7579952906844,73.3842401725792,77.8052616076579,81.848660413144,85.9364519195651,86.5278925953116,92.2147763039597,93.930841735642,..,..
"Yemen, Rep.",YEM,"Central government debt, total (% of GDP)",GC.DOD.TOTL.GD.ZS,..,..,..,..,..,..,..,..,..,..,..,..,..,..,..,..,..,..,..,..,..,..,..,..,..,..,..,..,..,..,..,..,..,..,..,..,..,..,..,..,..,..,..,..,..,..,..,..,..,..,..,..,..,..,..,..,..,..
Zambia,ZMB,"Central government debt, total (% of GDP)",GC.DOD.TOTL.GD.ZS,..,..,..,..,..,..,..,..,..,..,..,..,..,..,..,..,..,..,..,..,..,..,..,..,..,..,..,..,..,..,244.380536439033,277.530307986502,164.700753558863,161.786076869106,149.209889858483,155.279224614308,175.934490736564,150.072548942759,161.232157851948,..,..,..,..,..,..,..,..,..,..,..,..,..,..,..,..,..,..,..
Zimbabwe,ZWE,"Central government debt, total (% of GDP)",GC.DOD.TOTL.GD.ZS,..,..,..,..,..,..,..,..,..,..,..,..,..,..,..,..,..,..,..,..,..,..,..,..,..,..,..,..,..,..,48.4404956992584,54.9036239705362,59.3143780924241,58.9767183387326,55.43439299903,77.088212828816,62.1851060072514,57.4067978726188,..,..,..,..,..,..,..,..,..,..,..,..,..,..,..,..,..,..,..,..
,,,,,,,,,,,,,,,,,,,,,,,,,,,,,,,,,,,,,,,,,,,,,,,,,,,,,,,,,,,,,
,,,,,,,,,,,,,,,,,,,,,,,,,,,,,,,,,,,,,,,,,,,,,,,,,,,,,,,,,,,,,
,,,,,,,,,,,,,,,,,,,,,,,,,,,,,,,,,,,,,,,,,,,,,,,,,,,,,,,,,,,,,
Data from database: World Development Indicators,,,,,,,,,,,,,,,,,,,,,,,,,,,,,,,,,,,,,,,,,,,,,,,,,,,,,,,,,,,,,
Last Updated: 11/21/2017,,,,,,,,,,,,,,,,,,,,,,,,,,,,,,,,,,,,,,,,,,,,,,,,,,,,,,,,,,,,,
