AFG,..,..,..,..,..,..,..,..,..,..,..,..,..,..,..,..,..,..,..,..,..,..,..,..,..,..,..,..,..,..,..,..,..,..,..,..,..,..,..,..,..,..,..,..,..,..,..,..,..,..,..,..,..,..,..,..,..,..
ALB,..,..,..,..,..,..,..,..,..,..,..,..,..,..,..,..,..,..,..,..,..,..,..,..,..,..,..,..,..,..,..,..,..,..,..,35.288883443,36.1778716015,50.8261395987,52.2577922655,..,..,..,..,..,..,..,..,..,..,..,..,69.6376696171,63.6691531517,70.5545461096,73.3667623918,79.8403417679,..,..
DZA,..,..,..,..,..,..,..,..,..,..,..,..,..,..,..,..,..,..,..,..,..,..,..,..,..,..,..,..,..,..,..,..,..,..,68.8616825279,99.5659081604,85.8360697984,75.0533798467,74.6804071278,80.4982991459,62.0675974923,56.9632259759,47.3337891649,..,..,..,..,..,..,..,..,..,..,..,..,..,..,..
ASM,..,..,..,..,..,..,..,..,..,..,..,..,..,..,..,..,..,..,..,..,..,..,..,..,..,..,..,..,..,..,..,..,..,..,..,..,..,..,..,..,..,..,..,..,..,..,..,..,..,..,..,..,..,..,..,..,..,..
AND,..,..,..,..,..,..,..,..,..,..,..,..,..,..,..,..,..,..,..,..,..,..,..,..,..,..,..,..,..,..,..,..,..,..,..,..,..,..,..,..,..,..,..,..,..,..,..,..,..,..,..,..,..,..,..,..,..,..
AGO,..,..,..,..,..,..,..,..,..,..,..,..,..,..,..,..,..,..,..,..,..,..,..,..,..,..,..,..,..,..,..,..,..,..,..,..,..,..,..,..,..,..,..,..,..,..,..,..,..,..,..,..,..,..,..,..,..,..
ATG,..,..,..,..,..,..,..,..,..,..,..,..,..,..,..,..,..,..,..,..,..,..,..,..,..,..,..,..,..,..,..,..,..,..,..,..,..,..,..,..,96.7694936392,105.6749952516,114.030905847,116.1008615562,133.2864210962,87.31063432,83.2525133698,72.7495038249,73.0971094936,80.0664727584,74.4756156265,77.0668737093,71.805593576,77.7304322991,82.9908658779,..,..,..
ARB,..,..,..,..,..,..,..,..,..,..,..,..,..,..,..,..,..,..,..,..,..,..,..,..,..,..,..,..,..,..,..,..,..,..,..,..,..,..,..,..,..,..,..,..,..,..,..,..,..,..,..,..,..,..,..,..,..,..
ARG,..,..,..,..,..,..,..,..,..,..,..,..,..,..,..,..,..,..,..,..,..,..,..,..,..,..,..,..,..,..,..,..,..,..,..,..,..,..,..,..,..,..,..,..,..,..,..,..,..,..,..,..,..,..,..,..,..,..
ARM,..,..,..,..,..,..,..,..,..,..,..,..,..,..,..,..,..,..,..,..,..,..,..,..,..,..,..,..,..,..,..,..,..,..,..,..,..,..,..,..,..,..,..,..,..,..,..,..,..,..,..,..,..,..,..,..,..,..
ABW,..,..,..,..,..,..,..,..,..,..,..,..,..,..,..,..,..,..,..,..,..,..,..,..,..,..,..,..,..,..,..,..,..,..,..,..,..,..,..,..,..,..,..,..,..,..,..,..,..,..,..,..,..,..,..,..,..,..
AUS,..,..,..,..,..,..,..,..,..,..,..,..,..,..,..,..,..,..,..,..,..,..,..,..,..,..,..,..,..,..,12.2276364104,11.9154446809,14.1379652324,17.8602196734,20.1628817876,21.6670361786,21.7852031163,20.8381935447,16.8730933807,31.1064412238,29.5745372365,27.7745516556,25.9868368716,25.1625837245,22.9408073819,22.4956520326,21.6033123076,20.3045685279,18.3744779689,24.0772504923,29.3408595554,30.7208662249,40.1142021303,38.2578661354,42.4355636062,47.1682407595,..,..
AUT,..,..,..,..,..,..,..,..,..,..,..,..,..,..,..,..,..,..,..,..,..,..,..,..,..,..,..,..,..,..,..,..,..,..,..,..,..,..,..,64.0103770393,64.1971157824,64.6623050484,67.1401329149,66.2387878955,65.9274287549,73.8906976721,70.0983833562,66.5028669873,71.7679170024,83.2331231082,85.5284452402,85.5238669388,90.9982171878,87.4699273016,96.0173519813,95.7062989025,..,..
AZE,..,..,..,..,..,..,..,..,..,..,..,..,..,..,..,..,..,..,..,..,..,..,..,..,..,..,..,..,..,..,..,..,..,..,..,..,..,..,..,..,..,..,..,..,..,..,..,..,4.5765379747,6.2950124012,6.3855757918,..,..,..,..,..,..,..
BHS,..,..,..,..,..,..,..,..,..,..,..,..,..,..,..,..,..,..,..,..,..,..,..,..,..,..,..,..,..,..,24.4188250158,27.9767032232,30.6304277903,34.4340232859,34.8665234735,33.9982502187,34.2227763924,27.7282000291,26.7427212431,25.069884046,23.9350067767,..,..,..,..,..,29.9573239289,29.6826684374,32.4833272705,39.4471994885,42.9951327434,45.0309505703,46.5018930825,55.0254283032,59.8563471803,63.8711316919,..,..
BHR,..,..,..,..,..,..,..,..,..,..,..,..,..,..,..,..,..,..,..,..,..,..,..,..,..,..,..,..,..,..,8.7273641851,16.3795586795,21.2998208688,19.347414719,17.8800029674,16.9864516226,15.8131027247,16.960582375,21.164681089,23.6915052698,25.7449922278,27.1047507061,28.2658072668,32.4533334441,29.398543142,..,20.2537403527,7.5454563257,7.2926331992,15.6294022913,30.3067895852,35.466705679,..,43.4580716093,..,..,..,..
BGD,..,..,..,..,..,..,..,..,..,..,..,..,..,..,..,..,..,..,..,..,..,..,..,..,..,..,..,..,..,..,..,..,..,..,..,..,..,..,..,..,..,31.4618431576,31.8639915184,31.2044521104,..,..,..,..,..,..,..,..,..,..,..,..,..,..
BRB,..,..,..,..,..,..,..,..,..,..,..,..,..,..,..,..,..,..,..,..,..,..,..,..,..,..,..,..,..,..,..,..,..,..,..,..,..,..,..,..,..,..,..,..,..,62.5154985867,61.1233206832,68.7067702013,74.0605953566,84.3165344743,97.5156592156,107.118040836,120.0090505523,128.9153017478,..,..,..,..
BLR,..,..,..,..,..,..,..,..,..,..,..,..,..,..,..,..,..,..,..,..,..,..,..,..,..,..,..,..,..,..,..,..,25.6354786371,5.186132424,75.9548591597,16.8801162413,11.5201168479,12.1714657549,20.180539765,15.1031189462,15.0144518163,11.440616775,12.3366860125,..,..,6.5702205877,6.6444018318,8.9092608164,10.6566343685,19.1851840087,18.9052457269,39.4168108448,24.4293134231,23.8372955552,24.5487262642,37.5981780557,..,..
BEL,..,..,..,..,..,..,..,..,..,..,..,..,..,..,..,..,..,..,..,..,..,..,..,..,..,..,..,..,..,..,..,..,..,..,..,124.9078690126,126.3543534968,123.0757106444,124.7979248253,114.0172139189,108.6926581333,108.0650385872,107.3348888158,101.4210083139,97.2410570632,95.874834348,88.5424959645,82.8037668439,90.3067773474,94.9078783787,92.404303338,94.4946418439,103.4812614788,101.5806057623,112.0834051809,109.55424664,..,..
BLZ,..,..,..,..,..,..,..,..,..,..,..,..,..,..,..,..,..,..,..,..,..,..,..,..,..,..,..,..,..,..,28.0634305774,28.6434802064,32.9601722448,35.326531314,37.1674972976,36.3108902436,38.8322873138,..,..,..,..,..,67.2689137875,87.9989232351,103.9908947006,92.2030343041,87.6590062848,84.7394266765,78.7958631332,82.0043797212,80.167899035,76.889388754,74.4829076293,77.1020319471,76.4716418206,..,..,..
BEN,..,..,..,..,..,..,..,..,..,..,..,..,..,..,..,..,..,..,..,..,..,..,..,..,..,..,..,..,..,..,..,..,..,..,..,..,..,..,..,..,..,..,..,..,..,..,..,..,..,..,..,..,..,..,..,..,..,..
BMU,..,..,..,..,..,..,..,..,..,..,..,..,..,..,..,..,..,..,..,..,..,..,..,..,..,..,..,..,..,..,..,..,..,..,..,..,..,..,..,..,..,..,..,..,..,..,..,..,..,..,..,..,..,..,..,..,..,..
BTN,..,..,..,..,..,..,..,..,..,..,..,..,..,..,..,..,..,..,..,..,..,..,..,..,..,..,..,..,..,..,51.1880192526,47.465351296,45.4804885551,39.3324210004,32.9392012292,27.0898814877,36.2998468502,30.7408747223,29.9692662592,34.3907413132,39.1259100037,69.9474057236,56.3689651964,68.7892850164,75.2359487499,79.533917154,74.8832369379,62.7952543121,60.4102550051,56.7763136832,54.8829606742,62.5299587993,72.5156742224,96.1392467527,90.6514490681,..,..,..
BOL,..,..,..,..,..,..,..,..,..,..,..,..,..,..,..,..,..,..,..,..,..,..,..,..,..,..,..,..,..,..,..,..,..,..,59.1717239568,57.4113792142,47.8828063679,46.5365055204,47.0751922918,56.2575827503,60.1091978562,68.3398522563,..,..,..,..,..,..,..,..,..,..,..,..,..,..,..,..
BIH,..,..,..,..,..,..,..,..,..,..,..,..,..,..,..,..,..,..,..,..,..,..,..,..,..,..,..,..,..,..,..,..,..,..,..,..,..,..,..,..,..,..,..,..,..,..,..,..,..,..,..,45.8725272457,49.1458416935,46.0035935981,50.0716048097,..,..,..
BWA,..,..,..,..,..,..,..,..,..,..,..,..,..,..,..,..,..,..,..,..,..,..,..,..,..,..,..,..,..,..,11.3711032493,12.1168020575,12.5321505733,12.4450599461,12.0423976352,10.9720760702,11.1567555492,..,..,..,..,..,..,..,..,..,5.8936096142,5.7411872493,7.8473089726,18.9731164738,21.6306885365,20.3054389533,19.5844495876,18.2124296732,17.4453597127,..,..,..
BRA,..,..,..,..,..,..,..,..,..,..,..,..,..,..,..,..,..,..,..,..,..,..,..,..,..,..,..,..,..,..,..,..,..,..,..,..,..,..,..,..,..,..,..,..,..,..,63.9523542717,62.4516820616,60.6559322246,63.8078342318,61.3187804611,59.3416583015,59.8494899958,57.2284093803,58.4572812214,67.4836979627,..,..
VGB,..,..,..,..,..,..,..,..,..,..,..,..,..,..,..,..,..,..,..,..,..,..,..,..,..,..,..,..,..,..,..,..,..,..,..,..,..,..,..,..,..,..,..,..,..,..,..,..,..,..,..,..,..,..,..,..,..,..
BRN,..,..,..,..,..,..,..,..,..,..,..,..,..,..,..,..,..,..,..,..,..,..,..,..,..,..,..,..,..,..,..,..,..,..,..,..,..,..,..,..,..,..,..,..,..,..,..,..,..,..,..,..,..,..,..,..,..,..
BGR,..,..,..,..,..,..,..,..,..,..,..,..,..,..,..,..,..,..,..,..,..,..,..,..,..,..,..,..,..,..,..,..,..,..,..,..,..,..,59.3209803494,68.4522749851,63.2415480275,63.3415469635,53.7880616025,48.4942558334,41.3362337853,32.2694601172,29.3711871804,23.7839840289,19.7069234832,21.8655030076,21.5971751713,20.6203479547,21.9505122165,21.9912142341,32.0907597699,30.267178012,..,..
BFA,..,..,..,..,..,..,..,..,..,..,..,..,..,..,..,..,..,..,..,..,..,..,..,..,..,..,..,..,..,..,..,..,..,..,..,..,..,..,..,..,..,..,..,..,..,..,..,..,..,..,..,..,..,..,..,..,..,..
BDI,..,..,..,..,..,..,..,..,..,..,..,..,..,..,..,..,..,..,..,..,..,..,..,..,..,..,..,..,..,..,..,88.7936648765,103.9915799041,117.6309794284,117.0125899339,128.9192190598,144.0976814899,134.2470828471,151.2772113943,162.5614404919,..,..,..,..,..,..,..,..,..,..,..,..,..,..,..,..,..,..
CPV,..,..,..,..,..,..,..,..,..,..,..,..,..,..,..,..,..,..,..,..,..,..,..,..,..,..,..,..,..,..,..,..,..,..,..,..,..,..,..,..,..,..,..,..,..,..,..,..,..,..,..,..,..,..,..,..,..,..
KHM,..,..,..,..,..,..,..,..,..,..,..,..,..,..,..,..,..,..,..,..,..,..,..,..,..,..,..,..,..,..,..,..,..,..,..,..,..,..,..,..,..,..,..,..,..,..,..,..,..,..,..,..,..,..,..,..,..,..
CMR,..,..,..,..,..,..,..,..,..,..,..,..,..,..,..,..,..,..,..,..,..,..,..,..,..,..,..,..,..,..,..,..,..,..,..,..,..,..,..,..,..,..,..,..,..,..,..,..,..,..,..,..,..,..,..,..,..,..
CAN,..,..,..,..,..,..,..,..,..,..,..,..,..,..,..,..,..,..,..,..,..,..,..,..,..,..,..,..,..,..,61.7797768244,67.472717314,70.7247992023,75.2209216124,75.9662675568,77.3549922615,78.1025713429,75.0066932035,72.1942398071,66.0424149988,58.502059181,57.0877812899,53.7877947155,50.9576386751,46.5480949956,45.6753148138,42.9036990176,38.782306302,43.73228517,52.1541568173,52.265495319,53.0119406392,54.7753795243,51.7177048925,50.3362131432,54.7111987606,53.2499911223,..
CSS,..,..,..,..,..,..,..,..,..,..,..,..,..,..,..,..,..,..,..,..,..,..,..,..,..,..,..,..,..,..,..,..,..,70.4840615528,64.3570510908,60.4128309985,..,..,..,..,..,..,..,..,..,..,53.4774608323,52.2837843422,..,..,..,..,..,..,..,..,..,..
CYM,..,..,..,..,..,..,..,..,..,..,..,..,..,..,..,..,..,..,..,..,..,..,..,..,..,..,..,..,..,..,..,..,..,..,..,..,..,..,..,..,..,..,..,..,..,..,..,..,..,..,..,..,..,..,..,..,..,..
CAF,..,..,..,..,..,..,..,..,..,..,..,..,..,..,..,..,..,..,..,..,..,..,..,..,..,..,..,..,..,..,..,..,..,..,..,..,..,..,..,..,..,..,..,..,..,..,..,..,..,..,..,..,..,..,..,..,..,..
CEB,..,..,..,..,..,..,..,..,..,..,..,..,..,..,..,..,..,..,..,..,..,..,..,..,..,..,..,..,..,..,..,..,..,..,..,..,..,..,34.9950834634,37.2609556847,36.1449277948,36.0124691774,37.6779975541,38.7565060237,38.0054747469,37.7479468653,37.8712666277,36.6359522046,38.3111417216,44.0737932321,47.4461558522,49.8619253726,52.4291904765,54.0589301806,53.7333645875,53.0756214367,..,..
TCD,..,..,..,..,..,..,..,..,..,..,..,..,..,..,..,..,..,..,..,..,..,..,..,..,..,..,..,..,..,..,..,..,..,..,..,..,..,..,..,..,..,..,..,..,..,..,..,..,..,..,..,..,..,..,..,..,..,..
CHI,..,..,..,..,..,..,..,..,..,..,..,..,..,..,..,..,..,..,..,..,..,..,..,..,..,..,..,..,..,..,..,..,..,..,..,..,..,..,..,..,..,..,..,..,..,..,..,..,..,..,..,..,..,..,..,..,..,..
CHL,..,..,..,..,..,..,..,..,..,..,..,..,..,..,..,..,..,..,..,..,..,..,..,..,..,..,..,..,..,..,..,..,..,..,..,..,..,..,..,..,..,..,..,..,..,..,..,..,..,..,..,..,..,..,..,..,..,..
CHN,..,..,..,..,..,..,..,..,..,..,..,..,..,..,..,..,..,..,..,..,..,..,..,..,..,..,..,..,..,..,..,..,..,..,..,..,..,..,..,..,..,..,..,..,..,..,..,..,..,..,..,..,..,..,..,..,..,..
COL,..,..,..,..,..,..,..,..,..,..,..,..,..,..,..,..,..,..,..,..,..,..,..,..,..,..,..,..,..,..,..,..,..,..,..,..,..,..,5.4039154911,19.0653508704,17.7090216802,..,..,52.5354195334,..,..,..,..,64.7649363553,68.5788404568,72.3377931601,62.7718093739,65.4503129893,67.4425362809,80.2975216131,67.1165461047,..,..
COM,..,..,..,..,..,..,..,..,..,..,..,..,..,..,..,..,..,..,..,..,..,..,..,..,..,..,..,..,..,..,..,..,..,..,..,..,..,..,..,..,..,..,..,..,..,..,..,..,..,..,..,..,..,..,..,..,..,..
COD,..,..,..,..,..,..,..,..,..,..,..,..,..,..,..,..,..,..,..,..,..,..,..,..,..,..,..,..,..,..,289.8447270849,120.302180391,128.7752299971,103.9872236293,169.7865805368,232.9362357557,243.5955062697,152.1870019023,..,..,..,..,..,..,..,..,..,..,..,..,..,..,..,..,..,..,..,..
COG,..,..,..,..,..,..,..,..,..,..,..,..,..,..,..,..,..,..,..,..,..,..,..,..,..,..,..,..,..,..,..,..,..,..,..,..,..,..,..,283.7452563306,..,..,..,0.2139181514,..,..,..,..,..,..,..,..,..,..,..,..,..,..
CRI,..,..,..,..,..,..,..,..,..,..,..,..,..,..,..,..,..,..,..,..,..,..,..,..,..,..,..,..,..,..,..,..,..,..,..,..,30.2540039316,30.3293746107,40.4024772001,40.2721730159,38.6669745555,39.4903699636,..,..,..,..,..,..,..,..,..,..,..,..,..,..,..,..
CIV,..,..,..,..,..,..,..,..,..,..,..,..,..,..,..,..,..,..,..,..,..,..,..,..,..,..,..,..,..,..,..,..,..,..,..,171.0654426273,..,..,..,..,..,..,..,..,..,..,..,..,..,..,..,..,..,..,..,..,..,..
HRV,..,..,..,..,..,..,..,..,..,..,..,..,..,..,..,..,..,..,..,..,..,..,..,..,..,..,..,..,..,..,..,..,..,..,..,..,..,..,..,..,..,..,..,..,..,..,..,..,..,..,..,..,..,..,..,..,..,..
CUB,..,..,..,..,..,..,..,..,..,..,..,..,..,..,..,..,..,..,..,..,..,..,..,..,..,..,..,..,..,..,..,..,..,..,..,..,..,..,..,..,..,..,..,..,..,..,..,..,..,..,..,..,..,..,..,..,..,..
CUW,..,..,..,..,..,..,..,..,..,..,..,..,..,..,..,..,..,..,..,..,..,..,..,..,..,..,..,..,..,..,..,..,..,..,..,..,..,..,..,..,..,..,..,..,..,..,..,..,..,..,..,..,..,..,..,..,..,..
CYP,..,..,..,..,..,..,..,..,..,..,..,..,..,..,..,..,..,..,..,..,..,..,..,..,..,..,..,..,..,..,86.6187458379,96.3842337021,95.8339898011,100.3304422756,91.6683134056,..,..,..,141.3463760877,143.4571088472,142.9259931144,147.359080773,154.9493075769,163.6620728417,163.6193756548,161.7629366614,152.7294264372,144.5456616511,131.7221226656,88.783800573,92.8801523356,103.1475335891,115.0853649766,143.8592354649,151.8632865421,152.6599233438,..,..
CZE,..,..,..,..,..,..,..,..,..,..,..,..,..,..,..,..,..,..,..,..,..,..,..,..,..,..,..,..,..,..,..,..,..,16.0032484073,14.2408184702,12.3343554108,10.2240290585,9.7980813091,9.7939546912,10.9085951817,12.6453766495,14.2120413833,14.8078578228,17.5304328952,19.2633909591,21.0736924688,22.6634248906,23.1247352759,24.4160528134,29.5898824706,33.5564519984,36.2587712937,40.639550808,40.612933515,38.2096612807,36.7380561722,..,..
DNK,..,..,..,..,..,..,..,..,..,..,..,..,..,..,..,..,..,..,..,..,..,..,..,..,..,..,..,..,..,..,..,62.1353521584,66.6274834401,78.2391600769,75.2616064255,73.6952752722,71.1120342934,67.5639478628,64.9769643538,59.2184908673,52.6028101336,50.6171957367,50.3155067359,47.6950424952,43.2452568093,36.0742605222,32.3856003234,25.1822905434,32.261541963,38.391353099,42.7397916867,49.5516700291,49.9659103262,46.2515229233,48.4996624108,42.5545748237,..,..
DJI,..,..,..,..,..,..,..,..,..,..,..,..,..,..,..,..,..,..,..,..,..,..,..,..,..,..,..,..,..,..,..,..,..,..,..,..,..,..,..,..,..,..,..,..,..,..,..,..,..,..,..,..,..,..,..,..,..,..
DMA,..,..,..,..,..,..,..,..,..,..,..,..,..,..,..,..,..,..,..,..,..,..,..,..,..,..,..,..,..,..,..,..,..,..,..,..,..,..,..,..,..,..,79.5258936244,78.8471745406,68.6146520892,77.51,74.8861480076,66.9851530454,60.560328539,53.6872112222,56.6920660583,54.639395441,65.2252902961,64.1721529307,64.3174570896,..,..,..
DOM,..,..,..,..,..,..,..,..,..,..,..,..,..,..,..,..,..,..,..,..,..,..,..,..,..,..,..,..,..,..,..,..,..,..,..,..,21.0872018656,17.9504773454,..,16.7403597955,..,..,..,..,..,..,..,..,..,..,..,..,..,..,..,..,..,..
EAR,..,..,..,..,..,..,..,..,..,..,..,..,..,..,..,..,..,..,..,..,..,..,..,..,..,..,..,..,..,..,..,..,..,..,..,..,..,..,..,..,..,..,..,..,..,..,..,..,..,..,..,..,..,..,..,..,..,..
EAS,..,..,..,..,..,..,..,..,..,..,..,..,..,..,..,..,..,..,..,..,..,..,..,..,..,..,..,..,..,..,..,..,..,..,..,..,..,..,..,..,..,..,..,..,..,..,..,..,..,..,..,..,..,..,..,..,..,..
EAP,..,..,..,..,..,..,..,..,..,..,..,..,..,..,..,..,..,..,..,..,..,..,..,..,..,..,..,..,..,..,..,..,..,..,..,..,..,..,..,..,..,..,..,..,..,..,..,..,..,..,..,..,..,..,..,..,..,..
TEA,..,..,..,..,..,..,..,..,..,..,..,..,..,..,..,..,..,..,..,..,..,..,..,..,..,..,..,..,..,..,..,..,..,..,..,..,..,..,..,..,..,..,..,..,..,..,..,..,..,..,..,..,..,..,..,..,..,..
ECU,..,..,..,..,..,..,..,..,..,..,..,..,..,..,..,..,..,..,..,..,..,..,..,..,..,..,..,..,..,..,..,..,..,..,..,..,..,..,..,..,..,..,..,..,..,..,..,..,..,..,..,..,..,..,..,..,..,..
EGY,..,..,..,..,..,..,..,..,..,..,..,..,..,..,..,..,..,..,..,..,..,..,..,..,..,..,..,..,..,..,..,..,..,..,..,..,..,..,..,..,..,..,..,..,..,..,..,85.7885338346,..,..,..,..,..,..,..,..,..,..
SLV,..,..,..,..,..,..,..,..,..,..,..,..,..,..,..,..,..,..,..,..,..,..,..,..,..,..,..,..,..,..,..,..,..,..,..,..,..,..,224.5269977682,255.2079071297,245.642259462,31.4522142666,55.2775972097,50.9726385187,49.0850281359,48.3368238777,43.5665500493,41.0233326204,40.6444884618,49.5367365519,49.5206675777,47.8297797154,..,56.3518518595,45.8447854265,46.1331121354,..,..
GNQ,..,..,..,..,..,..,..,..,..,..,..,..,..,..,..,..,..,..,..,..,..,..,..,..,..,..,..,..,..,..,..,..,..,..,..,..,..,..,..,..,..,..,..,..,..,..,..,..,..,..,..,..,..,..,..,..,..,..
ERI,..,..,..,..,..,..,..,..,..,..,..,..,..,..,..,..,..,..,..,..,..,..,..,..,..,..,..,..,..,..,..,..,..,..,..,..,..,..,..,..,..,..,..,..,..,..,..,..,..,..,..,..,..,..,..,..,..,..
EST,..,..,..,..,..,..,..,..,..,..,..,..,..,..,..,..,..,..,..,..,..,..,..,..,..,..,..,..,..,..,..,..,..,..,..,..,..,..,0.4460583451,0.503811811,0.2599646421,0.2439618075,0.2848705762,0.3120406499,0.3294449827,0.3471862928,0.3278840128,0.2842240357,0.3294005875,0.539454552,0.5196650469,0.399130649,0.880086681,0.8969901417,0.9183259971,0.8628775025,..,..
ETH,..,..,..,..,..,..,..,..,..,..,..,..,..,..,..,..,..,..,..,..,..,..,..,..,..,..,..,..,..,..,48.3529569209,50.885878765,44.3811735667,73.2874344893,92.5041549448,82.6296763565,72.1500093626,69.4216870598,77.96167911,85.5546979166,..,..,..,..,..,..,..,..,..,..,..,..,..,..,..,..,..,..
EMU,..,..,..,..,..,..,..,..,..,..,..,..,..,..,..,..,..,..,..,..,..,..,..,..,..,..,..,..,..,..,..,..,..,..,..,..,..,..,69.2083741151,65.1079171799,62.4341003659,60.8086783509,61.5053472057,61.2855891366,61.8510763217,62.5625555057,59.2348190931,56.1870958316,60.7509908623,68.734861946,72.414708727,73.7415035744,83.2992877854,85.6411602077,92.8023898468,91.5287599044,..,..
ECS,..,..,..,..,..,..,..,..,..,..,..,..,..,..,..,..,..,..,..,..,..,..,..,..,..,..,..,..,..,..,..,..,..,..,..,..,..,..,67.5909533465,62.3561144829,56.490737234,53.5053409605,53.8875996682,54.8820886708,53.3484095618,53.2156383038,50.4365821671,47.9922779033,51.9831721483,59.4533272321,63.137735597,65.5309746473,72.0160586738,72.8136077416,78.8888027573,78.1289197211,..,..
ECA,..,..,..,..,..,..,..,..,..,..,..,..,..,..,..,..,..,..,..,..,..,..,..,..,..,..,..,..,..,..,..,..,..,..,..,..,..,..,96.9283255653,..,..,..,..,..,..,..,..,..,17.7343676681,22.9573003413,22.3386869683,21.9528681267,21.4620796509,20.3923113652,22.8209037803,24.1403375059,..,..
TEC,..,..,..,..,..,..,..,..,..,..,..,..,..,..,..,..,..,..,..,..,..,..,..,..,..,..,..,..,..,..,..,..,..,..,..,..,..,..,87.8083087721,78.2895326509,53.2434447923,44.5201775274,40.7118140317,..,..,24.0240380982,19.5188012915,17.1588631276,22.7826937948,27.5218569824,27.2874924083,27.1173375466,26.6805431896,26.0138548404,27.3524990416,28.5454921593,..,..
EUU,..,..,..,..,..,..,..,..,..,..,..,..,..,..,..,..,..,..,..,..,..,..,..,..,..,..,..,..,..,..,..,38.8068212862,41.8487900882,..,..,63.0655268461,66.0121291666,65.9223608386,64.3396007854,60.6207861137,58.0936359121,55.9355653037,56.6361708505,56.4714312245,57.2573120604,57.9390183862,55.1533608988,52.6520171019,57.8342270664,66.348527557,71.2022754377,74.5033514491,82.3859096267,83.5802995822,90.6253651126,89.3316585942,..,..
FRO,..,..,..,..,..,..,..,..,..,..,..,..,..,..,..,..,..,..,..,..,..,..,..,..,..,..,..,..,..,..,..,..,..,..,..,..,..,..,..,..,..,..,..,..,..,..,..,..,..,..,..,..,..,..,..,..,..,..
FJI,..,..,..,..,..,..,..,..,..,..,..,..,..,..,..,..,..,..,..,..,..,..,..,..,..,..,..,..,..,..,..,36.8418217434,33.6867480346,36.5528455285,36.6378536147,..,..,..,..,..,..,..,..,..,..,..,..,..,..,..,..,..,..,..,..,..,..,..
FIN,..,..,..,..,..,..,..,..,..,..,..,..,..,..,..,..,..,..,..,..,..,..,..,..,..,..,..,..,..,..,10.4697492427,17.0031065924,34.0788080381,51.60067094,58.2352177727,..,..,..,73.6812812547,63.2154928579,54.6598072816,48.8102079107,46.2913634862,47.5328068404,45.5674955987,41.3718846381,38.6892140846,34.2842901857,32.8411912591,40.9299062581,46.8113308391,47.8922532242,52.398116711,53.4962609055,58.0248595929,59.4164506876,..,..
FCS,..,..,..,..,..,..,..,..,..,..,..,..,..,..,..,..,..,..,..,..,..,..,..,..,..,..,..,..,..,..,..,..,..,..,..,..,..,..,..,..,..,..,..,..,..,..,..,..,..,..,..,..,..,..,..,..,..,..
FRA,..,..,..,..,..,..,..,..,..,..,..,..,..,..,..,..,..,..,..,..,..,..,..,..,..,..,..,..,..,..,..,..,..,..,..,..,..,..,61.8667094503,58.8692754156,58.0355658071,57.5782275226,60.9298112791,63.4102176693,64.3876990343,65.3863084079,60.8059173341,59.355646127,64.9012701355,73.8428286085,76.4846400841,79.7061988536,88.999961187,89.7922993718,97.6656365288,98.042422831,..,..
PYF,..,..,..,..,..,..,..,..,..,..,..,..,..,..,..,..,..,..,..,..,..,..,..,..,..,..,..,..,..,..,..,..,..,..,..,..,..,..,..,..,..,..,..,..,..,..,..,..,..,..,..,..,..,..,..,..,..,..
GAB,..,..,..,..,..,..,..,..,..,..,..,..,..,..,..,..,..,..,..,..,..,..,..,..,..,..,..,..,..,..,..,..,..,..,..,..,..,..,..,..,..,..,..,..,..,..,..,..,..,..,..,..,..,..,..,..,..,..
GMB,..,..,..,..,..,..,..,..,..,..,..,..,..,..,..,..,..,..,..,..,..,..,..,..,..,..,..,..,..,..,..,..,..,..,..,..,..,..,..,..,..,..,..,..,..,115.3361241169,118.4141723658,23.8608375043,69.4484401496,65.0551997827,..,..,..,..,..,..,..,..
GEO,..,..,..,..,..,..,..,..,..,..,..,..,..,..,..,..,..,..,..,..,..,..,..,..,..,..,..,..,..,..,..,..,..,..,..,..,..,43.4057478905,56.9044515955,71.9371804721,69.938113606,66.6691828995,64.9581962295,53.8060493693,43.8362208109,35.0762986081,27.9581002972,22.6871259499,27.0177714561,34.6114517603,36.7997202691,32.4597615413,32.5306981139,33.920660979,35.3784896169,41.2822252746,..,..
DEU,..,..,..,..,..,..,..,..,..,..,..,..,..,..,..,..,..,..,..,..,..,..,..,..,..,..,..,..,..,..,21.0100829162,21.8150398785,23.9610810938,27.1304795402,27.1394150654,35.056454331,36.9011898335,37.7503825448,37.7190409418,39.1501685328,38.3134733142,36.7687226185,38.1406243635,39.7905480884,41.6860152734,43.3061985518,42.3114593127,39.6063233369,41.986891722,46.1188970361,54.3262559785,53.944811921,55.6051641252,52.6778688293,53.5331557185,50.469991625,..,..
GHA,..,..,..,..,..,..,..,..,..,..,..,..,..,..,..,..,..,..,..,..,..,..,..,..,..,..,..,..,..,..,..,..,..,..,..,..,..,..,..,..,..,..,..,..,..,..,..,..,..,..,..,..,..,..,..,..,..,..
GIB,..,..,..,..,..,..,..,..,..,..,..,..,..,..,..,..,..,..,..,..,..,..,..,..,..,..,..,..,..,..,..,..,..,..,..,..,..,..,..,..,..,..,..,..,..,..,..,..,..,..,..,..,..,..,..,..,..,..
GRC,..,..,..,..,..,..,..,..,..,..,..,..,..,..,..,..,..,..,..,..,..,..,..,..,..,..,..,..,..,..,..,..,..,..,..,..,..,..,..,..,..,..,..,..,..,..,..,..,..,..,..,..,..,..,..,..,..,..
GRL,..,..,..,..,..,..,..,..,..,..,..,..,..,..,..,..,..,..,..,..,..,..,..,..,..,..,..,..,..,..,..,..,..,..,..,..,..,..,..,..,..,..,..,..,..,..,..,..,..,..,..,..,..,..,..,..,..,..
GRD,..,..,..,..,..,..,..,..,..,..,..,..,..,..,..,..,..,..,..,..,..,..,..,..,..,..,..,..,..,..,..,..,..,..,..,..,..,..,..,..,40.6375581343,45.2960658321,63.4994749846,65.9877924464,76.3467221787,75.1637896313,77.3276776246,75.1513671875,70.8609865471,81.1039530392,85.4673264407,91.3890988918,93.2887428139,91.4216472978,88.5424624137,..,..,..
GUM,..,..,..,..,..,..,..,..,..,..,..,..,..,..,..,..,..,..,..,..,..,..,..,..,..,..,..,..,..,..,..,..,..,..,..,..,..,..,..,..,..,..,..,..,..,..,..,..,..,..,..,..,..,..,..,..,..,..
GTM,..,..,..,..,..,..,..,..,..,..,..,..,..,..,..,..,..,..,..,..,..,..,..,..,..,..,..,..,..,..,24.4806851424,17.7517913078,15.8312193134,13.6225081203,13.1619490409,11.4049990175,11.2418328745,11.3452176738,11.2801678443,13.4701885924,16.9838230126,19.9465031066,18.3935997671,20.7110411048,21.7859460652,21.262478677,21.8766768091,21.6355735671,20.0539762261,23.0172811284,24.4197433757,24.1625607797,24.3112765154,24.8099135659,..,..,..,..
GIN,..,..,..,..,..,..,..,..,..,..,..,..,..,..,..,..,..,..,..,..,..,..,..,..,..,..,..,..,..,..,..,..,..,..,..,..,..,..,..,..,..,..,..,..,..,..,..,..,..,..,..,..,..,..,..,..,..,..
GNB,..,..,..,..,..,..,..,..,..,..,..,..,..,..,..,..,..,..,..,..,..,..,..,..,..,..,..,..,..,..,..,..,..,..,..,..,..,..,..,..,..,..,..,..,..,..,..,..,..,..,..,..,..,..,..,..,..,..
GUY,..,..,..,..,..,..,..,..,..,..,..,..,..,..,..,..,..,..,..,..,..,..,..,..,..,..,..,..,..,..,..,..,..,..,..,..,..,..,..,..,..,..,..,..,..,..,..,..,..,..,..,..,..,..,..,..,..,..
HTI,..,..,..,..,..,..,..,..,..,..,..,..,..,..,..,..,..,..,..,..,..,..,..,..,..,..,..,..,..,..,..,..,..,..,..,..,..,..,..,..,..,..,..,..,..,..,..,..,..,..,..,..,..,..,..,..,..,..
HPC,..,..,..,..,..,..,..,..,..,..,..,..,..,..,..,..,..,..,..,..,..,..,..,..,..,..,..,..,..,..,..,..,..,..,..,..,..,..,..,..,..,..,..,..,..,..,..,..,..,..,..,..,..,..,..,..,..,..
HIC,..,..,..,..,..,..,..,..,..,..,..,..,..,..,..,..,..,..,..,..,..,..,..,..,..,..,..,..,..,..,38.9231783298,40.6712352194,42.8176248749,43.568255317,45.895099174,54.170215875,55.433925959,55.3921116786,56.989711774,55.7636589445,53.4653522734,59.8435392277,61.9552190139,64.0522606154,64.9909287802,65.1723898902,63.4815428023,62.6867868925,68.7767879698,79.5573629428,85.4456610664,90.4789677821,95.1002555073,95.8293376476,100.4399243275,101.1210704913,..,..
HND,..,..,..,..,..,..,..,..,..,..,..,..,..,..,..,..,..,..,..,..,..,..,..,..,..,..,..,..,..,..,..,..,..,..,..,..,..,..,..,..,..,..,..,..,..,..,..,..,..,..,..,..,..,..,..,..,..,..
HKG,..,..,..,..,..,..,..,..,..,..,..,..,..,..,..,..,..,..,..,..,..,..,..,..,..,..,..,..,..,..,..,..,..,..,..,..,..,..,..,..,..,..,..,..,..,..,..,..,..,..,..,..,..,..,..,..,..,..
HUN,..,..,..,..,..,..,..,..,..,..,..,..,..,..,..,..,..,..,..,..,..,..,..,..,..,..,..,..,..,..,..,71.4388811155,75.6995804951,86.3689535653,83.565894747,86.3161581249,75.1345247356,67.3954136825,64.0733128959,66.5556697899,61.0129421311,59.2842421091,58.9777641242,59.7714996864,63.0485220678,65.2587878261,68.5566510062,69.1691438077,72.4530534797,80.8622802883,81.5808372622,90.8417685577,94.3423283557,94.5103699632,98.0829840654,96.5185664807,..,..
IBD,..,..,..,..,..,..,..,..,..,..,..,..,..,..,..,..,..,..,..,..,..,..,..,..,..,..,..,..,..,..,..,..,..,..,..,..,..,..,..,..,..,..,..,..,..,..,..,..,..,..,..,..,..,..,..,..,..,..
ISL,..,..,..,..,..,..,..,..,..,..,..,..,..,..,..,..,..,..,..,..,..,..,..,..,..,..,..,..,..,..,29.6721344078,31.0615890664,37.3440165312,42.7130628539,43.7473677359,45.9693822636,45.2366788679,68.2272891841,63.4404502254,59.4933768592,58.7762602285,60.9413367612,57.0261320882,55.0478780516,48.709511359,38.4574131334,43.3396713472,41.203520996,79.1091867795,99.0115392412,105.7340492139,112.9559944446,112.321724351,102.5104137916,101.3949103854,87.1056292839,..,..
IBT,..,..,..,..,..,..,..,..,..,..,..,..,..,..,..,..,..,..,..,..,..,..,..,..,..,..,..,..,..,..,..,..,..,..,..,..,..,..,..,..,..,..,..,..,..,..,..,..,..,..,..,..,..,..,..,..,..,..
IDB,..,..,..,..,..,..,..,..,..,..,..,..,..,..,..,..,..,..,..,..,..,..,..,..,..,..,..,..,..,..,..,..,..,..,..,..,..,..,..,..,..,..,..,..,..,..,..,..,..,..,..,..,..,..,..,..,..,..
IDX,..,..,..,..,..,..,..,..,..,..,..,..,..,..,..,..,..,..,..,..,..,..,..,..,..,..,..,..,..,..,..,..,..,..,..,..,..,..,..,..,..,..,..,..,..,..,..,..,..,..,..,..,..,..,..,..,..,..
IDA,..,..,..,..,..,..,..,..,..,..,..,..,..,..,..,..,..,..,..,..,..,..,..,..,..,..,..,..,..,..,..,..,..,..,..,..,..,..,..,..,..,..,..,..,..,..,..,..,..,..,..,..,..,..,..,..,..,..
IND,..,..,..,..,..,..,..,..,..,..,..,..,..,..,..,..,..,..,..,..,..,..,..,..,..,..,..,..,..,..,51.4698338479,50.6862072518,50.3525778148,52.4595911752,50.2647880907,48.1337193724,46.341478235,51.0463673628,50.9995245517,52.0472336966,55.7478935772,59.8158208524,63.398473014,63.0308517442,63.4392220326,63.1096906693,60.9597147954,58.2454457322,57.8686743432,56.005459602,52.1835718675,51.5565536601,50.6780305619,50.3118273627,..,..,..,..
IDN,..,..,..,..,..,..,..,..,..,..,..,..,..,..,..,..,..,..,..,..,..,..,..,..,..,..,..,..,..,..,45.7414523316,40.2756295664,42.7093574261,37.4975968522,36.5705901606,30.8043248823,23.9231422091,72.4853185253,55.2040876649,45.2079671076,..,..,32.224126531,29.7173962466,..,..,..,..,34.2250281913,29.9973061983,26.166159278,24.8651446693,25.0344008433,27.7819272179,27.4216121994,30.2949749609,..,..
IRN,..,..,..,..,..,..,..,..,..,..,..,..,..,..,..,..,..,..,..,..,..,..,..,..,..,..,..,..,..,..,..,..,..,..,..,..,..,..,..,..,..,..,..,..,..,..,..,..,..,..,..,..,..,..,..,..,..,..
IRQ,..,..,..,..,..,..,..,..,..,..,..,..,..,..,..,..,..,..,..,..,..,..,..,..,..,..,..,..,..,..,..,..,..,..,..,..,..,..,..,..,..,..,..,..,..,..,..,..,..,..,..,..,..,..,..,..,..,..
IRL,..,..,..,..,..,..,..,..,..,..,..,..,..,..,..,..,..,..,..,..,..,..,..,..,..,..,..,..,..,..,..,..,..,..,..,..,..,..,60.0678037145,49.1811748022,38.9019685708,35.0596872478,33.6857033259,32.4979106131,30.8786211772,30.7550822112,26.9960028797,26.9198016376,46.7708989456,66.8668776021,83.1961699401,110.5476211071,129.8442598312,132.3633351381,122.6576428331,91.7725413216,..,..
IMN,..,..,..,..,..,..,..,..,..,..,..,..,..,..,..,..,..,..,..,..,..,..,..,..,..,..,..,..,..,..,..,..,..,..,..,..,..,..,..,..,..,..,..,..,..,..,..,..,..,..,..,..,..,..,..,..,..,..
ISR,..,..,..,..,..,..,..,..,..,..,..,..,..,..,..,..,..,..,..,..,..,..,..,..,..,..,..,..,..,..,156.0969877653,141.2620962209,137.8711263549,135.5040342331,125.7772305211,104.7768373218,102.9514850185,97.4224768924,98.2878081582,91.4080919328,..,..,..,..,..,..,..,..,..,..,..,..,..,..,..,..,..,..
ITA,..,..,..,..,..,..,..,..,..,..,..,..,..,..,..,..,..,..,..,..,..,..,..,..,..,..,..,..,..,..,..,71.6594624354,77.7200244882,..,..,120.1096379691,126.2226986331,127.4999784871,128.8698079114,118.541289708,113.4197684928,112.2192634085,110.3948850207,106.5745881116,108.052975651,109.8264103592,106.2106047484,101.3211288341,104.6142897166,116.1853412667,114.788054424,108.5255707076,127.2433880771,135.1558811107,148.9785125067,150.3878501995,..,..
JAM,..,..,..,..,..,..,..,..,..,..,..,..,..,..,..,..,..,..,..,..,..,..,..,..,..,..,..,..,..,..,..,..,120.4243300132,118.7206013029,104.5440695485,94.8828202876,81.0447929289,82.8598782476,82.0913529021,89.5281907458,98.9506794653,118.7002762606,127.7729088187,127.4331817047,122.0081232003,121.0024333263,117.6949674629,112.9904971817,120.4172682066,..,..,..,..,..,..,..,..,..
JPN,..,..,..,..,..,..,..,..,..,..,..,..,..,..,..,..,..,..,..,..,..,..,..,..,..,..,..,..,..,..,52.7735116709,38.9222511966,39.7423547781,42.779520126,56.1732846803,62.7760043719,66.624667725,74.5805660474,82.1894839498,93.238087504,102.3905176702,106.4491544058,115.9470156372,125.9360920542,131.4620702258,131.5738873812,131.6229682032,134.8213294935,139.7979358026,158.4155497129,161.5964020666,177.4877927427,185.1237238291,187.4163214591,193.4334764784,197.9528605668,..,..
JOR,..,..,..,..,..,..,..,..,..,..,..,..,..,..,..,..,..,..,..,..,..,..,..,..,..,..,..,..,..,..,128.7995999702,129.9996619337,152.5908900122,125.6132527365,116.4190163129,105.0652372104,106.2211001829,100.3805765151,101.171867626,99.9159494888,93.7150185142,90.8256482983,85.0745468121,88.9180503307,89.0247017437,79.9519239759,72.625163704,69.958912019,56.7844436879,61.0056667834,61.3734574861,61.8545463656,66.8235277364,75.6124455902,79.9280821023,..,..,..
KAZ,..,..,..,..,..,..,..,..,..,..,..,..,..,..,..,..,..,..,..,..,..,..,..,..,..,..,..,..,..,..,..,..,..,..,..,..,..,..,..,..,..,..,..,..,..,..,..,..,..,..,9.5229632513,8.8013100723,10.4981138466,10.8406391539,12.6469696267,19.3079160616,..,..
KEN,..,..,..,..,..,..,..,..,..,..,..,..,..,..,..,..,..,..,..,..,..,..,..,..,..,..,..,..,..,..,..,..,..,..,..,..,..,..,52.8017948111,52.6441122981,..,..,..,..,..,..,..,..,..,..,..,..,..,..,..,..,..,..
KIR,..,..,..,..,..,..,..,..,..,..,..,..,..,..,..,..,..,..,..,..,..,..,..,..,..,..,..,..,..,..,..,..,..,..,..,..,..,..,..,..,..,..,..,..,..,..,..,..,..,..,..,..,..,..,..,..,..,..
PRK,..,..,..,..,..,..,..,..,..,..,..,..,..,..,..,..,..,..,..,..,..,..,..,..,..,..,..,..,..,..,..,..,..,..,..,..,..,..,..,..,..,..,..,..,..,..,..,..,..,..,..,..,..,..,..,..,..,..
KOR,..,..,..,..,..,..,..,..,..,..,..,..,..,..,..,..,..,..,..,..,..,..,..,..,..,..,..,..,..,..,7.5498590629,10.3973924678,10.1501313366,9.3519701929,8.3228112121,7.3525314675,7.0014848044,8.8706056845,..,..,..,..,..,..,..,..,..,..,..,..,..,..,33.8831703385,36.6739436148,38.3878017121,39.7437106768,..,..
XKX,..,..,..,..,..,..,..,..,..,..,..,..,..,..,..,..,..,..,..,..,..,..,..,..,..,..,..,..,..,..,..,..,..,..,..,..,..,..,..,..,..,..,..,..,..,..,..,..,..,..,..,..,..,..,..,..,..,..
KWT,..,..,..,..,..,..,..,..,..,..,..,..,..,..,..,..,..,..,..,..,..,..,..,..,..,..,..,..,..,..,..,..,..,..,..,..,..,..,..,..,..,..,..,..,..,..,..,..,..,..,..,..,..,..,..,..,..,..
KGZ,..,..,..,..,..,..,..,..,..,..,..,..,..,..,..,..,..,..,..,..,..,..,..,..,..,..,..,..,..,..,..,..,..,..,..,45.6051681315,71.4341882022,73.9064124332,111.2169191432,132.7338177538,114.5343924102,99.3309719517,..,..,..,..,..,..,..,..,..,..,..,42.8083946064,37.8705870315,69.6895208105,..,..
LAO,..,..,..,..,..,..,..,..,..,..,..,..,..,..,..,..,..,..,..,..,..,..,..,..,..,..,..,..,..,..,..,..,..,..,..,..,..,..,..,..,..,..,..,..,..,..,..,..,..,..,..,..,..,..,..,..,..,..
LTE,..,..,..,..,..,..,..,..,..,..,..,..,..,..,..,..,..,..,..,..,..,..,..,..,..,..,..,..,..,..,..,..,..,..,..,..,..,..,..,..,..,..,..,..,..,..,..,..,..,..,..,..,..,..,..,..,..,..
LCN,..,..,..,..,..,..,..,..,..,..,..,..,..,..,..,..,..,..,..,..,..,..,..,..,..,..,..,..,..,..,..,..,..,..,..,..,..,..,..,..,..,..,..,..,..,..,..,..,..,..,..,..,..,..,..,..,..,..
LAC,..,..,..,..,..,..,..,..,..,..,..,..,..,..,..,..,..,..,..,..,..,..,..,..,..,..,..,..,..,..,..,..,..,..,..,..,..,..,..,..,..,..,..,..,..,..,..,..,..,..,..,..,..,..,..,..,..,..
TLA,..,..,..,..,..,..,..,..,..,..,..,..,..,..,..,..,..,..,..,..,..,..,..,..,..,..,..,..,..,..,..,..,..,..,..,..,..,..,..,..,..,..,..,..,..,..,..,..,..,..,..,..,..,..,..,..,..,..
LVA,..,..,..,..,..,..,..,..,..,..,..,..,..,..,..,..,..,..,..,..,..,..,..,..,..,..,..,..,..,..,..,..,..,..,..,..,..,..,15.8125877821,19.1589105419,19.3990605289,21.5266095105,21.4197104743,22.4078100883,23.980523985,20.8220033318,21.7942013188,21.6917917143,37.0991940605,62.2094182959,74.9757996856,65.6337571635,62.4385602874,59.1422159993,63.2792388344,56.8605250211,..,..
LDC,..,..,..,..,..,..,..,..,..,..,..,..,..,..,..,..,..,..,..,..,..,..,..,..,..,..,..,..,..,..,..,..,..,..,..,..,..,..,..,..,..,..,..,..,..,..,..,..,..,..,..,..,..,..,..,..,..,..
LBN,..,..,..,..,..,..,..,..,..,..,..,..,..,..,..,..,..,..,..,..,..,..,..,..,..,..,..,..,..,..,..,..,..,..,..,..,..,96.9088659794,106.957053807,128.6412691149,..,..,..,..,..,..,..,..,..,..,..,..,..,..,..,..,..,..
LSO,..,..,..,..,..,..,..,..,..,..,..,..,..,..,..,..,..,..,..,..,..,..,..,..,..,..,..,..,..,..,..,..,..,..,..,..,..,..,..,..,..,..,..,..,..,..,..,..,44.5909490314,..,..,..,..,..,..,..,..,..
LBR,..,..,..,..,..,..,..,..,..,..,..,..,..,..,..,..,..,..,..,..,..,..,..,..,..,..,..,..,..,..,..,..,..,..,..,..,..,..,..,..,..,..,..,..,..,..,..,..,..,..,..,33.7194253915,32.6822241429,..,..,..,..,..
LBY,..,..,..,..,..,..,..,..,..,..,..,..,..,..,..,..,..,..,..,..,..,..,..,..,..,..,..,..,..,..,..,..,..,..,..,..,..,..,..,..,..,..,..,..,..,..,..,..,..,..,..,..,..,..,..,..,..,..
LIE,..,..,..,..,..,..,..,..,..,..,..,..,..,..,..,..,..,..,..,..,..,..,..,..,..,..,..,..,..,..,..,..,..,..,..,..,..,..,..,..,..,..,..,..,..,..,..,..,..,..,..,..,..,..,..,..,..,..
LTU,..,..,..,..,..,..,..,..,..,..,..,..,..,..,..,..,..,..,..,..,..,..,..,..,..,..,..,..,..,..,..,..,..,..,..,..,..,..,7.9976483495,8.999921961,9.4567010296,9.1795205374,8.8284173611,7.8875549036,7.560803921,6.9248670385,6.0243380158,5.1180494926,4.2726291176,8.8914959729,11.9412462193,11.8975146642,13.66932443,12.7352187571,13.977483695,14.5398612303,..,..
LMY,..,..,..,..,..,..,..,..,..,..,..,..,..,..,..,..,..,..,..,..,..,..,..,..,..,..,..,..,..,..,..,..,..,..,..,..,..,..,..,..,..,..,..,..,..,..,..,..,..,..,..,..,..,..,..,..,..,..
LIC,..,..,..,..,..,..,..,..,..,..,..,..,..,..,..,..,..,..,..,..,..,..,..,..,..,..,..,..,..,..,..,..,..,..,..,..,..,..,..,..,..,..,..,..,..,..,..,..,..,..,..,..,..,..,..,..,..,..
LMC,..,..,..,..,..,..,..,..,..,..,..,..,..,..,..,..,..,..,..,..,..,..,..,..,..,..,..,..,..,..,55.4746851639,53.0204558784,53.0832894609,54.6116557341,..,..,..,..,57.3904625267,54.7207732289,..,..,54.5098211916,54.8526425015,..,..,..,..,45.8688212126,45.7618385953,42.4939605277,41.9113823814,41.3614922427,41.9312794419,..,..,..,..
LUX,..,..,..,..,..,..,..,..,..,..,..,..,..,..,..,..,..,..,..,..,..,..,..,..,..,..,..,..,..,..,2.4343494655,1.8899537623,2.5328731918,2.8025543413,..,..,..,4.381280821,..,..,4.9899364485,4.6348041245,4.493630614,3.7967776767,3.9858708233,3.6389155605,4.3680054511,4.6294874651,12.1388630808,12.9773238561,17.8924127501,17.250016239,29.987663677,30.0082086604,31.3764562612,30.4070615442,..,..
MAC,..,..,..,..,..,..,..,..,..,..,..,..,..,..,..,..,..,..,..,..,..,..,..,..,..,..,..,..,..,..,..,..,..,..,..,..,..,..,..,..,..,..,..,..,..,..,..,..,..,..,..,..,..,..,..,..,..,..
MKD,..,..,..,..,..,..,..,..,..,..,..,..,..,..,..,..,..,..,..,..,..,..,..,..,..,..,..,..,..,..,..,..,..,..,..,..,..,..,..,..,..,..,..,..,..,..,..,..,..,..,..,..,..,..,..,..,..,..
MDG,..,..,..,..,..,..,..,..,..,..,..,..,..,..,..,..,..,..,..,..,..,..,..,..,..,..,..,..,..,..,109.4092100478,139.9330753741,131.5496484902,125.6212384534,183.6515950209,119.8095620783,..,..,..,..,111.8794613933,96.7681619994,..,..,..,..,..,..,..,..,..,..,..,..,..,..,..,..
MWI,..,..,..,..,..,..,..,..,..,..,..,..,..,..,..,..,..,..,..,..,..,..,..,..,..,..,..,..,..,..,..,..,..,..,..,..,..,..,..,..,..,..,..,..,..,..,..,..,..,29.2734146419,28.0301095495,27.4257346508,41.4204771687,36.2569334752,40.6328150545,39.5422371324,55.389284542,..
MYS,..,..,..,..,..,..,..,..,..,..,..,..,..,..,..,..,..,..,..,..,..,..,..,..,..,..,..,..,..,..,79.5366179323,73.3198641238,64.3777251279,55.6921593793,47.6199733961,41.0698874465,..,..,..,..,..,..,43.0474515412,45.0766412987,45.6965419187,42.0675597614,40.5884641486,40.0881257703,39.7997545289,50.8357553824,49.5598230655,50.0286816425,51.6464847913,52.9993039555,52.6747537656,54.4915282068,..,..
MDV,..,..,..,..,..,..,..,..,..,..,..,..,..,..,..,..,..,..,..,..,..,..,..,..,..,..,..,..,..,..,30.7823377635,35.5734695506,41.6154638148,45.5515611289,44.2117002449,47.3520580908,43.035276363,39.6703877256,40.9867359655,40.1262984219,40.8644099852,31.2308703408,33.5908378331,30.6059734151,27.8308610159,35.2467424059,31.5541273913,31.2299284403,32.6683328705,50.4069355337,61.1401469945,64.8949484385,..,..,..,..,..,..
MLI,..,..,..,..,..,..,..,..,..,..,..,..,..,..,..,..,..,..,..,..,..,..,..,..,..,..,..,..,..,..,..,..,..,..,..,..,..,..,..,..,..,..,..,..,..,..,..,..,..,..,..,..,..,..,..,..,..,..
MLT,..,..,..,..,..,..,..,..,..,..,..,..,..,..,..,..,..,..,..,..,..,..,..,..,..,..,..,..,..,..,46.9116993561,52.9265857269,56.8779064414,66.6405170627,69.8052683972,..,..,..,..,..,..,..,..,185.5507423658,193.2453378457,195.2083401651,179.9826546554,172.0587867899,77.0489337054,82.405939465,81.2921130389,84.3955459346,83.8663708822,84.2540234496,84.5835363389,80.8316335324,..,..
MHL,..,..,..,..,..,..,..,..,..,..,..,..,..,..,..,..,..,..,..,..,..,..,..,..,..,..,..,..,..,..,..,..,..,..,..,..,..,..,..,..,..,..,..,..,..,..,..,..,..,..,..,..,..,..,..,..,..,..
MRT,..,..,..,..,..,..,..,..,..,..,..,..,..,..,..,..,..,..,..,..,..,..,..,..,..,..,..,..,..,..,..,..,..,..,..,..,..,..,..,..,..,..,..,..,..,..,..,..,..,..,..,..,..,..,..,..,..,..
MUS,..,..,..,..,..,..,..,..,..,..,..,..,..,..,..,..,..,..,..,..,..,..,..,..,..,..,..,..,..,..,39.4252028398,39.7440252468,31.8364393111,30.104219974,30.9649091669,32.6150707806,35.5048516269,35.5853955032,33.4031362621,31.6099817936,32.4340531072,30.4359908392,53.1227218347,61.0046942914,53.2165579095,57.0901863962,50.8653026428,47.8504845011,43.0201509917,46.2353130698,48.9456320201,49.6565521538,49.1047044866,..,..,..,..,..
MEX,..,..,..,..,..,..,..,..,..,..,..,..,..,..,..,..,..,..,..,..,..,..,..,..,..,..,..,..,..,..,46.3684059807,38.0588847157,28.1120911052,20.2446701474,28.1828350361,33.9955244435,26.0254438774,21.5024579255,23.3288420865,21.2194288767,19.7461544841,..,..,..,..,..,..,..,..,..,..,..,..,..,..,..,..,..
FSM,..,..,..,..,..,..,..,..,..,..,..,..,..,..,..,..,..,..,..,..,..,..,..,..,..,..,..,..,..,..,..,..,..,..,..,..,..,..,..,..,..,..,..,..,..,..,..,..,26.7928071368,25.6959088814,24.3870453683,25.284328244,27.2327998939,26.4471499935,23.4779191504,30.0875315227,..,..
MEA,..,..,..,..,..,..,..,..,..,..,..,..,..,..,..,..,..,..,..,..,..,..,..,..,..,..,..,..,..,..,..,..,..,..,..,..,..,..,..,..,..,..,..,..,..,..,..,..,..,..,..,..,..,..,..,..,..,..
MNA,..,..,..,..,..,..,..,..,..,..,..,..,..,..,..,..,..,..,..,..,..,..,..,..,..,..,..,..,..,..,..,..,..,..,..,..,..,..,..,..,..,..,..,..,..,..,..,..,..,..,..,..,..,..,..,..,..,..
TMN,..,..,..,..,..,..,..,..,..,..,..,..,..,..,..,..,..,..,..,..,..,..,..,..,..,..,..,..,..,..,..,..,..,..,..,..,..,..,..,..,..,..,..,..,..,..,..,..,..,..,..,..,..,..,..,..,..,..
MIC,..,..,..,..,..,..,..,..,..,..,..,..,..,..,..,..,..,..,..,..,..,..,..,..,..,..,..,..,..,..,..,..,..,..,..,..,..,..,..,..,..,..,..,..,..,..,..,..,..,..,..,..,..,..,..,..,..,..
MDA,..,..,..,..,..,..,..,..,..,..,..,..,..,..,..,..,..,..,..,..,..,..,..,..,..,..,..,..,..,..,..,..,..,..,..,37.6287488252,40.1229860454,48.0871785254,85.8247861792,77.8983143065,73.0188822349,60.7753291164,59.559250639,52.5339189609,51.9546574016,32.425216395,29.1790519571,23.2397523836,18.4426494931,27.6322264363,26.3229814691,23.709055867,24.3259057045,23.6876927669,24.8099955377,25.2940120591,..,..
MCO,..,..,..,..,..,..,..,..,..,..,..,..,..,..,..,..,..,..,..,..,..,..,..,..,..,..,..,..,..,..,..,..,..,..,..,..,..,..,..,..,..,..,..,..,..,..,..,..,..,..,..,..,..,..,..,..,..,..
MNG,..,..,..,..,..,..,..,..,..,..,..,..,..,..,..,..,..,..,..,..,..,..,..,..,..,..,..,..,..,..,..,..,20.6216733834,41.4415301033,51.4345298378,37.0712826765,49.4796320306,54.6275786922,71.5753340452,83.9144976967,78.4183277087,69.0997980939,..,95.7255313439,..,..,50.4944776193,43.5140123875,..,59.5071151381,..,..,..,45.8865581444,..,..,..,..
MNE,..,..,..,..,..,..,..,..,..,..,..,..,..,..,..,..,..,..,..,..,..,..,..,..,..,..,..,..,..,..,..,..,..,..,..,..,..,..,..,..,..,..,..,..,..,..,..,..,..,..,..,..,..,..,..,..,..,..
MAR,..,..,..,..,..,..,..,..,..,..,..,..,..,..,..,..,..,..,..,..,..,..,..,..,..,..,..,..,..,..,87.1967599759,62.0674162758,70.9378689832,74.1231315612,69.8259155221,68.3949152788,..,64.4624151446,61.1859346068,61.617133824,..,..,54.0303385454,..,..,..,54.8056299259,50.9355551094,45.4427659043,47.503630677,50.9624992353,55.6277203238,..,..,..,..,..,..
MOZ,..,..,..,..,..,..,..,..,..,..,..,..,..,..,..,..,..,..,..,..,..,..,..,..,..,..,..,..,..,..,..,..,..,..,..,..,..,..,..,..,..,..,..,..,..,..,..,..,..,..,..,..,..,..,..,..,..,..
MMR,..,..,..,..,..,..,..,..,..,..,..,..,..,..,..,..,..,..,..,..,..,..,..,..,..,..,..,..,..,..,..,..,..,..,..,..,..,..,..,..,..,..,..,..,..,..,..,..,..,..,..,..,..,..,..,..,..,..
NAM,..,..,..,..,..,..,..,..,..,..,..,..,..,..,..,..,..,..,..,..,..,..,..,..,..,..,..,..,..,..,..,..,..,..,..,..,..,..,..,..,..,..,..,..,..,..,..,..,16.9935714486,15.8082771032,16.9449717307,23.1056935631,20.6628679154,23.2639597907,22.9538981759,..,..,..
NRU,..,..,..,..,..,..,..,..,..,..,..,..,..,..,..,..,..,..,..,..,..,..,..,..,..,..,..,..,..,..,..,..,..,..,..,..,..,..,..,..,..,..,..,..,..,..,..,..,..,..,..,..,..,..,..,..,..,..
NPL,..,..,..,..,..,..,..,..,..,..,..,..,..,..,..,..,..,..,..,..,..,..,..,..,..,..,..,..,..,..,52.6205809546,64.9114304408,61.6569229883,63.6815382339,66.5412100044,66.1836432075,65.1978803839,59.8824296913,66.3514434343,64.0681097896,64.5733198415,58.9890808776,63.9354609821,62.5881953798,59.4156672858,51.7646230481,49.6869680347,42.9786611379,43.7999872496,..,33.862521232,..,..,..,..,..,..,..
NLD,..,..,..,..,..,..,..,..,..,..,..,..,..,..,..,..,..,..,..,..,..,..,..,..,..,..,..,..,..,..,55.5116716187,56.0043438217,56.8138455957,57.2622241487,54.9963598145,68.4521778688,67.8118511045,63.8098317354,62.9359259212,55.0405218423,49.2966359491,46.0666756172,47.125081648,48.2709687351,48.8085445061,48.2864102315,42.7102684337,40.2341507957,52.8585040123,55.1502736665,58.7725965619,62.93152121,68.4982423074,68.3133460386,73.4283749216,70.5740017826,..,..
NCL,..,..,..,..,..,..,..,..,..,..,..,..,..,..,..,..,..,..,..,..,..,..,..,..,..,..,..,..,..,..,..,..,..,..,..,..,..,..,..,..,..,..,..,..,..,..,..,..,..,..,..,..,..,..,..,..,..,..
NZL,..,..,..,..,..,..,..,..,..,..,..,..,..,..,..,..,..,..,..,..,..,..,..,..,..,..,..,..,..,..,..,..,..,..,..,..,..,..,..,..,..,..,32.776141794,48.2453384728,43.8672327899,44.1701201699,42.9262850868,36.9415127058,36.0558388752,47.188881517,49.2045014983,62.5728913122,67.1484010981,59.3742332873,56.7829377578,56.7301543167,..,..
NIC,..,..,..,..,..,..,..,..,..,..,..,..,..,..,..,..,..,..,..,..,..,..,..,..,..,..,..,..,..,..,..,..,..,..,..,..,..,..,..,..,..,..,..,..,..,..,..,..,..,..,..,..,..,..,..,..,..,..
NER,..,..,..,..,..,..,..,..,..,..,..,..,..,..,..,..,..,..,..,..,..,..,..,..,..,..,..,..,..,..,..,..,..,..,..,..,..,..,..,..,..,..,..,..,..,..,..,..,..,..,..,..,..,..,..,..,..,..
NGA,..,..,..,..,..,..,..,..,..,..,..,..,..,..,..,..,..,..,..,..,..,..,..,..,..,..,..,..,..,..,..,..,..,..,..,..,..,..,..,..,..,..,..,66.432971988,53.6304036345,28.6454509295,11.7842071707,12.4049045068,11.5287728977,15.1307318172,9.4495428045,10.2327048227,10.4193368479,10.5003131923,..,..,..,..
NAC,..,..,..,..,..,..,..,..,..,..,..,..,..,..,..,..,..,..,..,..,..,..,..,..,..,..,..,..,..,39.0169632746,42.7234180154,46.0829754479,48.1679803668,50.56563817,49.8234259221,49.809181419,49.4457965163,46.7765083777,43.8400031802,40.192407397,35.4582670711,52.4560034654,53.5287606973,55.5138859396,55.4914053419,55.3258852264,54.1696821842,54.1049095013,62.1895465712,74.1226093309,82.5762241608,86.8057720779,90.8020233742,92.5347766802,92.8637299475,93.9251237945,95.5471192662,..
MNP,..,..,..,..,..,..,..,..,..,..,..,..,..,..,..,..,..,..,..,..,..,..,..,..,..,..,..,..,..,..,..,..,..,..,..,..,..,..,..,..,..,..,..,..,..,..,..,..,..,..,..,..,..,..,..,..,..,..
NOR,..,..,..,..,..,..,..,..,..,..,..,..,..,..,..,..,..,..,..,..,..,..,..,..,..,..,..,..,..,..,19.8470381138,18.5942813893,22.3428316318,31.5607902736,30.7519813473,..,..,..,..,..,22.9732884316,19.616447812,28.523421321,37.11503921,38.6969894741,36.2427360878,47.3822648909,44.8808248658,43.467056629,35.2456972019,35.1601817544,20.4004838156,21.4173508233,21.4643841656,18.3750900769,22.8814219905,..,..
INX,..,..,..,..,..,..,..,..,..,..,..,..,..,..,..,..,..,..,..,..,..,..,..,..,..,..,..,..,..,..,..,..,..,..,..,..,..,..,..,..,..,..,..,..,..,..,..,..,..,..,..,..,..,..,..,..,..,..
OED,..,..,..,..,..,..,..,..,..,..,..,..,..,..,..,..,..,..,..,..,..,..,..,..,..,..,..,..,..,..,38.7378528775,40.2343756257,42.0566662336,42.5691997126,45.2548919153,53.0469644239,54.3089804106,54.2795310023,55.6356774298,54.7946738643,52.4882068337,59.6794612803,61.6905185501,63.8107608216,64.8153605778,65.0350597004,63.4644302778,62.7173573375,68.3029415193,79.124412233,84.9335392894,89.815274412,94.3092854382,95.6030596872,99.3898082117,99.9880613835,..,..
OMN,..,..,..,..,..,..,..,..,..,..,..,..,..,..,..,..,..,..,..,..,..,..,..,..,..,..,..,..,..,..,19.5797814329,27.1739130435,30.211575012,27.3086851528,29.4465806374,27.4104501517,25.9826702756,23.7556449626,28.7509236818,26.678025452,..,..,..,15.6872881152,13.8537640733,8.5181156389,7.8800796674,6.1853440285,4.1198901704,5.6156041558,5.0390940825,4.7745388091,4.613874995,4.8975539705,..,..,..,..
OSS,..,..,..,..,..,..,..,..,..,..,..,..,..,..,..,..,..,..,..,..,..,..,..,..,..,..,..,..,..,..,..,..,..,..,..,..,..,..,..,..,..,..,..,..,..,..,..,..,..,..,..,..,..,..,..,..,..,..
PSS,..,..,..,..,..,..,..,..,..,..,..,..,..,..,..,..,..,..,..,..,..,..,..,..,..,..,..,..,..,..,..,..,..,..,..,..,..,..,..,..,..,..,..,..,..,..,..,..,..,..,..,..,..,..,..,..,..,..
PAK,..,..,..,..,..,..,..,..,..,..,..,..,..,..,..,..,..,..,..,..,..,..,..,..,..,..,..,..,..,..,78.7725332004,76.3809057325,74.9108034822,79.4185625198,..,..,..,..,79.0846919843,..,..,..,..,..,..,..,..,..,..,..,..,..,..,..,..,..,..,..
PLW,..,..,..,..,..,..,..,..,..,..,..,..,..,..,..,..,..,..,..,..,..,..,..,..,..,..,..,..,..,..,..,..,..,..,..,..,..,..,..,..,..,..,..,..,..,..,..,..,..,..,..,..,..,..,..,..,..,..
PAN,..,..,..,..,..,..,..,..,..,..,..,..,..,..,..,..,..,..,..,..,..,..,..,..,..,..,..,..,..,..,..,..,..,..,..,..,..,..,..,..,..,..,..,..,..,..,..,..,..,..,..,..,..,..,..,..,..,..
PNG,..,..,..,..,..,..,..,..,..,..,..,..,..,..,..,..,..,..,..,..,..,..,..,..,..,..,..,..,..,..,48.9532540147,46.6108276015,44.8643144684,44.3261901338,53.5450156411,53.6620013883,55.6433690965,62.4046556303,66.3501460864,63.537300922,57.7415312558,68.2675567269,69.7344601261,..,..,..,..,..,..,..,..,..,..,..,..,..,..,..
PRY,..,..,..,..,..,..,..,..,..,..,..,..,..,..,..,..,..,..,..,..,..,..,..,..,..,..,..,..,..,..,..,..,..,..,..,..,..,..,..,..,..,..,..,..,..,..,..,..,..,..,..,..,..,..,..,..,..,..
PER,..,..,..,..,..,..,..,..,..,..,..,..,..,..,..,..,..,..,..,..,..,..,..,..,..,..,..,..,..,..,189.2462855576,77.4708243281,79.7592531937,69.9612520251,55.4915347082,..,..,..,..,..,..,..,..,..,..,..,32.5394575436,28.5288183927,26.0763223476,26.4008658754,23.6817913397,20.7202165724,19.2166594588,18.3905633307,19.3186117221,22.6493603114,..,..
PHL,..,..,..,..,..,..,..,..,..,..,..,..,..,..,..,..,..,..,..,..,..,..,..,..,..,..,..,..,..,..,51.3017098373,49.698119648,52.7731308807,67.1312896883,56.4165010762,61.0637419325,53.1896173067,55.6537713305,60.1252681648,54.5186939614,60.5105553063,61.3278693172,67.0613745689,73.7694148218,74.4458995436,68.4819007984,61.4161898101,53.8609762526,54.6685131847,54.7789752484,52.403859552,50.999369434,51.4824181484,49.236877232,45.3946271794,..,..,..
POL,..,..,..,..,..,..,..,..,..,..,..,..,..,..,..,..,..,..,..,..,..,..,..,..,..,..,..,..,..,..,..,..,..,..,60.4543984705,..,..,..,41.3716920021,42.549462562,40.620080532,40.0915413956,46.521723576,50.0346364356,49.053760629,50.092481534,50.6125306592,47.6568387637,50.2472262375,52.3545264275,55.4528930732,56.3185906678,56.1870930998,57.8534344253,53.0187753241,53.3315067184,..,..
PRT,..,..,..,..,..,..,..,..,..,..,..,..,..,..,..,..,..,..,..,..,..,..,..,..,..,..,..,..,..,..,..,..,..,8.2449261967,5.6568477893,..,..,..,63.917948806,61.5323355536,60.905386825,61.7498050211,64.9374618133,68.5154149703,74.0501826712,77.1213340467,76.7491586326,75.2311093214,80.1829259668,92.8815509581,100.248490228,102.7213799884,135.3105867922,139.4934861051,151.8238298678,150.273281427,..,..
PST,..,..,..,..,..,..,..,..,..,..,..,..,..,..,..,..,..,..,..,..,..,..,..,..,..,..,..,..,..,..,38.1831231883,40.0847857632,42.2395939309,42.9433362465,45.2721706109,53.663310043,55.1549333471,55.1436589292,56.9903272063,55.8084907466,53.6335742815,60.1119179169,62.1323713346,64.3242263738,65.3019527187,65.3708557098,63.7195047376,62.960972078,69.0002135599,79.8887527501,85.7555809723,90.7195244668,95.2689874914,96.6309563124,100.7368541312,101.6367718206,..,..
PRE,..,..,..,..,..,..,..,..,..,..,..,..,..,..,..,..,..,..,..,..,..,..,..,..,..,..,..,..,..,..,..,..,..,..,..,..,..,..,..,..,..,..,..,..,..,..,..,..,..,..,..,..,..,..,..,..,..,..
PRI,..,..,..,..,..,..,..,..,..,..,..,..,..,..,..,..,..,..,..,..,..,..,..,..,..,..,..,..,..,..,..,..,..,..,..,..,..,..,..,..,..,..,..,..,..,..,..,..,..,..,..,..,..,..,..,..,..,..
QAT,..,..,..,..,..,..,..,..,..,..,..,..,..,..,..,..,..,..,..,..,..,..,..,..,..,..,..,..,..,..,..,..,..,..,..,..,..,..,..,..,..,..,..,..,..,..,..,..,..,..,..,..,..,..,..,..,..,..
ROU,..,..,..,..,..,..,..,..,..,..,..,..,..,..,..,..,..,..,..,..,..,..,..,..,..,..,..,..,..,..,..,..,..,..,..,..,..,..,29.2846886164,29.8187435336,27.7069417154,28.295827164,27.7205202123,24.1937028926,21.305154301,19.1115905329,16.0926853068,18.3062698876,19.1531358323,29.6853950499,34.5976735269,38.8535848346,42.3414436769,43.2903714139,45.8227886939,44.955945182,..,..
RUS,..,..,..,..,..,..,..,..,..,..,..,..,..,..,..,..,..,..,..,..,..,..,..,..,..,..,..,..,..,..,..,..,..,..,..,..,..,..,143.9502585945,100.7448374523,62.149282742,48.9835189409,41.3958603942,..,23.3982642215,16.6608684476,9.8910728604,7.1584329649,6.4952951779,8.6978704983,9.0981137372,8.7012794176,8.701737552,9.3186494548,11.1764680805,13.5171883923,..,..
RWA,..,..,..,..,..,..,..,..,..,..,..,..,..,..,..,..,..,..,..,..,..,..,..,..,..,..,..,..,..,..,49.7969202729,47.8601030997,48.4289742567,..,..,..,..,..,..,..,..,..,..,..,..,..,..,..,..,..,..,..,..,..,..,..,..,..
WSM,..,..,..,..,..,..,..,..,..,..,..,..,..,..,..,..,..,..,..,..,..,..,..,..,..,..,..,..,..,..,..,..,..,..,..,..,..,..,..,..,..,..,..,..,..,..,..,..,..,..,..,49.1185128439,52.0588948456,55.6893850532,54.406557824,57.7801868824,52.6126830992,..
SMR,..,..,..,..,..,..,..,..,..,..,..,..,..,..,..,..,..,..,..,..,..,..,..,..,..,..,..,..,..,..,..,..,..,..,..,5102.6813688604,..,..,..,..,..,..,16.5484665241,34.4739340302,41.4913517333,51.0809939584,62.0422677096,61.4591916715,59.0464083516,..,..,..,..,..,..,..,..,..
STP,..,..,..,..,..,..,..,..,..,..,..,..,..,..,..,..,..,..,..,..,..,..,..,..,..,..,..,..,..,..,..,..,..,..,..,..,..,..,..,..,..,..,..,..,..,..,..,..,..,..,..,..,..,..,..,..,..,..
SAU,..,..,..,..,..,..,..,..,..,..,..,..,..,..,..,..,..,..,..,..,..,..,..,..,..,..,..,..,..,..,..,..,..,..,..,..,..,..,..,..,..,..,..,..,..,..,..,..,..,..,..,..,..,..,..,..,..,..
SEN,..,..,..,..,..,..,..,..,..,..,..,..,..,..,..,..,..,..,..,..,..,..,..,..,..,..,..,..,..,..,..,..,..,..,..,..,85.983158869,85.1496801845,82.5060671896,83.6137059811,73.7236277395,68.8524846526,..,..,..,..,..,..,..,..,..,..,..,..,..,..,..,..
SRB,..,..,..,..,..,..,..,..,..,..,..,..,..,..,..,..,..,..,..,..,..,..,..,..,..,..,..,..,..,..,..,..,..,..,..,..,..,..,..,..,..,..,..,..,..,..,..,..,..,..,..,..,..,..,..,..,..,..
SYC,..,..,..,..,..,..,..,..,..,..,..,..,..,..,..,..,..,..,..,..,..,..,..,..,..,..,..,..,..,..,..,..,..,..,..,..,..,..,..,..,..,..,..,..,..,..,..,..,176.9243380507,100.445570308,75.3534158589,78.8413155502,72.9908646423,48.5194770203,64.9877291813,60.6037215881,..,..
SLE,..,..,..,..,..,..,..,..,..,..,..,..,..,..,..,..,..,..,..,..,..,..,..,..,..,..,..,..,..,..,99.818775029,74.7845791208,113.1499362468,97.8200829244,87.6984103991,103.7431740108,116.247627044,119.1412948523,187.7809663406,247.3813947789,..,..,..,..,..,..,..,..,..,..,..,..,..,..,..,..,..,..
SGP,..,..,..,..,..,..,..,..,..,..,..,..,..,..,..,..,..,..,..,..,..,..,..,..,..,..,..,..,..,..,77.8387486118,78.9629454244,81.8417001323,72.8302522209,70.1990093018,72.7150566766,72.653945838,71.3323718175,82.6190408135,87.8619404184,84.0527376909,94.471542581,107.0224789057,109.3110006284,102.5339181302,95.2573158426,83.3044478038,77.6885365445,97.1051590482,107.3365778359,102.9034210393,106.2116146304,110.0375547333,101.1117697968,101.7783431686,107.2064800344,..,..
SXM,..,..,..,..,..,..,..,..,..,..,..,..,..,..,..,..,..,..,..,..,..,..,..,..,..,..,..,..,..,..,..,..,..,..,..,..,..,..,..,..,..,..,..,..,..,..,..,..,..,..,..,..,..,..,..,..,..,..
SVK,..,..,..,..,..,..,..,..,..,..,..,..,..,..,..,..,..,..,..,..,..,..,..,..,..,..,..,..,..,..,..,..,..,..,..,..,..,..,36.6266973742,46.9416020095,53.0211143939,51.4314138636,45.3547415786,43.7669852339,42.4043676471,37.0605631345,35.2304111199,33.7073964772,32.752532379,40.1947557615,44.4299466412,47.3186939792,55.978784684,58.6965141494,58.002239449,56.5875655431,..,..
SVN,..,..,..,..,..,..,..,..,..,..,..,..,..,..,..,..,..,..,..,..,..,..,..,..,..,..,..,..,..,..,..,..,..,..,..,..,..,..,..,..,..,..,..,..,32.924038713,32.1457145935,32.2178329444,27.6082919315,26.6659359035,39.9252864883,43.8344943672,47.39502245,57.4988433928,76.3085094822,94.1160907382,94.8999237877,..,..
SST,..,..,..,..,..,..,..,..,..,..,..,..,..,..,..,..,..,..,..,..,..,..,..,..,..,..,..,..,..,..,..,..,..,..,..,..,..,..,..,..,..,..,..,..,..,..,..,..,..,..,..,..,..,..,..,..,..,..
SLB,..,..,..,..,..,..,..,..,..,..,..,..,..,..,..,..,..,..,..,..,..,..,..,..,..,..,..,..,..,..,..,..,..,..,..,..,..,..,..,..,..,..,..,..,..,..,..,..,..,..,..,16.7136091583,13.402797102,12.262547329,10.070101193,7.8041713413,..,..
SOM,..,..,..,..,..,..,..,..,..,..,..,..,..,..,..,..,..,..,..,..,..,..,..,..,..,..,..,..,..,..,..,..,..,..,..,..,..,..,..,..,..,..,..,..,..,..,..,..,..,..,..,..,..,..,..,..,..,..
ZAF,..,..,..,..,..,..,..,..,..,..,..,..,..,..,..,..,..,..,..,..,..,..,..,..,..,..,..,..,..,..,35.3398824635,36.9948428757,40.3064189533,43.7840067079,49.2296965337,49.5658573785,48.9129561259,47.8133795656,49.5834088265,46.7728777255,44.1132212646,..,..,..,..,..,..,..,26.0184722821,..,..,..,..,..,..,..,..,..
SAS,..,..,..,..,..,..,..,..,..,..,..,..,..,..,..,..,..,..,..,..,..,..,..,..,..,..,..,..,..,..,55.4575577622,54.6921187619,54.1493623976,56.4777211039,51.7299008054,49.6758333773,47.8820489884,52.1487241538,54.9903125723,53.4206029581,57.0325107259,59.0744239454,62.4010765555,61.9320212804,64.5398486028,63.8151446658,61.6691007011,58.8836878349,57.7088285259,56.9115407597,52.6153007192,52.1760101002,51.245423019,50.9758514791,..,..,..,..
TSA,..,..,..,..,..,..,..,..,..,..,..,..,..,..,..,..,..,..,..,..,..,..,..,..,..,..,..,..,..,..,55.4575577622,54.6921187619,54.1493623976,56.4777211039,51.7299008054,49.6758333773,47.8820489884,52.1487241538,54.9903125723,53.4206029581,57.0325107259,59.0744239454,62.4010765555,61.9320212804,64.5398486028,63.8151446658,61.6691007011,58.8836878349,57.7088285259,56.9115407597,52.6153007192,52.1760101002,51.245423019,50.9758514791,..,..,..,..
SSD,..,..,..,..,..,..,..,..,..,..,..,..,..,..,..,..,..,..,..,..,..,..,..,..,..,..,..,..,..,..,..,..,..,..,..,..,..,..,..,..,..,..,..,..,..,..,..,..,..,..,..,..,..,..,..,..,..,..
ESP,..,..,..,..,..,..,..,..,..,..,2007.9641896889,1772.1990434483,..,..,..,..,..,..,..,..,..,..,..,..,..,..,..,..,..,..,35.2280049082,35.2608891486,37.0848594349,46.8260061065,48.2356493033,55.3985418113,61.0846079444,60.6768857772,61.0415816851,55.9459950599,53.438762089,49.1755869672,47.5428673621,42.8489107274,40.9465765829,37.9585112716,33.7246794064,29.7212175717,33.8680011862,46.0805683602,47.9403985335,55.8641384213,71.6118228389,85.2363728347,98.7321554814,99.3514273828,..,..
LKA,..,..,..,..,..,..,..,..,..,..,..,..,..,..,..,..,..,..,..,..,..,..,..,..,..,..,..,..,..,..,96.5806255128,98.4833957754,95.3619119504,96.7978140983,94.8553232346,94.6498205974,92.3439843359,86.1059316703,89.1958239111,95.1081546128,96.9040326454,103.2192741499,105.5249907547,102.2707120235,102.3285366989,90.604913115,88.6994841221,84.9944169483,..,86.0634919125,71.585323718,71.1081221287,68.7104049236,70.8211058551,71.3327919521,77.6427758443,..,..
KNA,..,..,..,..,..,..,..,..,..,..,..,..,..,..,..,..,..,..,..,..,..,..,..,..,..,..,..,..,..,..,..,..,..,..,..,..,..,..,..,..,..,..,78.933628988,93.1049358291,91.6121274441,93.0072257525,85.7497797861,99.2459211278,97.3312765404,107.8684992804,115.8419713991,114.3422555653,108.8525690638,74.4862943292,64.7631842554,..,..,..
LCA,..,..,..,..,..,..,..,..,..,..,..,..,..,..,..,..,..,..,..,..,..,..,..,..,..,..,..,..,..,..,..,..,..,..,..,..,..,..,..,..,36.7225118066,48.0858811746,60.1721582958,58.1515503581,59.2189689803,62.1198812472,56.3319153691,52.6039468766,50.4258098027,51.502796854,54.7372341372,60.9945759944,68.1298879298,71.8987437383,72.9022689526,..,..,..
MAF,..,..,..,..,..,..,..,..,..,..,..,..,..,..,..,..,..,..,..,..,..,..,..,..,..,..,..,..,..,..,..,..,..,..,..,..,..,..,..,..,..,..,..,..,..,..,..,..,..,..,..,..,..,..,..,..,..,..
VCT,..,..,..,..,..,..,..,..,..,..,..,..,..,..,..,..,..,..,..,..,..,..,..,..,..,..,..,..,..,..,..,..,..,..,..,..,..,39.3832023932,40.0387163185,51.9459985324,..,..,..,..,..,..,..,..,..,..,..,..,..,..,..,..,..,..
SSF,..,..,..,..,..,..,..,..,..,..,..,..,..,..,..,..,..,..,..,..,..,..,..,..,..,..,..,..,..,..,..,..,..,..,..,..,..,..,..,..,..,..,..,..,..,..,..,..,..,..,..,..,..,..,..,..,..,..
SSA,..,..,..,..,..,..,..,..,..,..,..,..,..,..,..,..,..,..,..,..,..,..,..,..,..,..,..,..,..,..,..,..,..,..,..,..,..,..,..,..,..,..,..,..,..,..,..,..,..,..,..,..,..,..,..,..,..,..
TSS,..,..,..,..,..,..,..,..,..,..,..,..,..,..,..,..,..,..,..,..,..,..,..,..,..,..,..,..,..,..,..,..,..,..,..,..,..,..,..,..,..,..,..,..,..,..,..,..,..,..,..,..,..,..,..,..,..,..
SDN,..,..,..,..,..,..,..,..,..,..,..,..,..,..,..,..,..,..,..,..,..,..,..,..,..,..,..,..,..,..,..,..,..,..,..,..,..,..,..,..,..,..,..,..,..,..,..,..,..,..,..,..,..,..,..,..,..,..
SUR,..,..,..,..,..,..,..,..,..,..,..,..,..,..,..,..,..,..,..,..,..,..,..,..,..,..,..,..,..,..,..,..,..,..,..,..,..,..,..,..,..,..,..,..,..,..,..,..,..,..,..,..,..,..,..,..,..,..
SWZ,..,..,..,..,..,..,..,..,..,..,..,..,..,..,..,..,..,..,..,..,..,..,..,..,..,..,..,..,..,..,..,..,..,..,..,..,..,..,..,22.7106420777,..,..,..,..,..,..,..,..,..,..,12.7334103873,12.5120960834,13.0947289493,..,..,..,..,..
SWE,..,..,..,..,..,..,..,..,..,..,..,..,..,..,..,..,..,..,..,..,..,..,..,..,..,..,..,..,..,..,..,32.4510306277,37.1372959772,50.6703562933,58.2808282118,..,85.4414927343,87.7618098899,87.6153975626,77.1582060313,69.3032308586,59.6442075275,58.1437003186,56.7900529086,56.193168551,56.4986970962,50.3442794816,44.5083230388,44.3159594745,46.0370642136,42.4056404642,42.9586194958,42.6114850195,44.0450949877,48.2206033265,46.4288490382,..,..
CHE,..,..,..,..,..,..,..,..,..,..,..,..,..,..,..,..,..,..,..,..,..,..,..,..,..,..,..,..,..,..,12.751851586,13.4822109461,15.7264338239,19.0432520269,20.7194385473,23.2249756766,23.6334890631,25.6359340162,27.9143775433,25.7775652291,26.4295186564,25.2968459396,30.4896292405,29.515727957,30.0458044508,30.0979162105,26.4593741451,25.9586111508,25.4034620607,23.8442674413,23.1908746845,23.1015184655,23.3433173834,22.2176222719,22.6742002985,22.6727572802,..,..
SYR,..,..,..,..,..,..,..,..,..,..,..,..,..,..,..,..,..,..,..,..,..,..,..,..,..,..,..,..,..,..,..,..,..,..,..,..,..,..,..,..,..,..,..,..,..,..,..,..,..,..,..,..,..,..,..,..,..,..
TJK,..,..,..,..,..,..,..,..,..,..,..,..,..,..,..,..,..,..,..,..,..,..,..,..,..,..,..,..,..,..,..,..,..,..,..,..,..,..,..,..,..,..,..,..,..,..,..,..,..,..,..,..,..,..,..,..,..,..
TZA,..,..,..,..,..,..,..,..,..,..,..,..,..,..,..,..,..,..,..,..,..,..,..,..,..,..,..,..,..,..,..,..,..,..,..,..,..,..,..,..,..,..,..,..,..,..,..,..,..,..,..,..,..,..,..,..,..,..
THA,..,..,..,..,..,..,..,..,..,..,..,..,..,..,..,..,..,..,..,..,..,..,..,..,..,..,..,..,..,..,18.4477538501,13.3655673363,10.8789951587,8.1862109266,5.6932197371,4.6101001776,3.6734966655,4.6415312489,10.6698437688,20.0057997992,21.9645735167,24.5782788554,30.0703562722,27.0460226533,24.3964383902,25.4581349649,24.3806272249,22.9934516318,22.4502103239,26.7792257018,26.9008306101,28.1320061571,28.4445894228,29.2057939678,30.0328190371,..,..,..
TLS,..,..,..,..,..,..,..,..,..,..,..,..,..,..,..,..,..,..,..,..,..,..,..,..,..,..,..,..,..,..,..,..,..,..,..,..,..,..,..,..,..,..,..,..,..,..,..,..,..,..,..,..,..,..,..,..,..,..
TGO,..,..,..,..,..,..,..,..,..,..,..,..,..,..,..,..,..,..,..,..,..,..,..,..,..,..,..,..,..,..,..,..,..,..,..,..,..,..,..,..,..,..,..,..,..,..,..,..,..,..,..,..,..,..,..,..,..,..
TON,..,..,..,..,..,..,..,..,..,..,..,..,..,..,..,..,..,..,..,..,..,..,..,..,..,..,..,..,..,..,..,..,..,..,..,..,..,..,..,..,..,..,..,..,..,..,..,..,..,..,..,..,..,..,..,..,..,..
TTO,..,..,..,..,..,..,..,..,..,..,..,..,..,..,..,..,..,..,..,..,..,..,..,..,..,..,..,..,..,..,..,..,..,57.7750741388,53.4380469232,51.5122834581,..,..,..,..,..,..,..,..,..,..,16.8032068482,15.928004235,..,..,..,..,..,..,..,..,..,..
TUN,..,..,..,..,..,..,..,..,..,..,..,..,..,..,..,..,..,..,..,..,..,..,..,..,..,..,..,..,..,..,54.7703800956,60.6727188082,55.4991317544,59.3098274569,59.0345141585,57.5182678661,55.29651794,56.9353278067,54.2817440338,55.6386363803,56.7214685407,56.4676421023,55.9340939899,55.0211600275,53.8374194744,52.4205297222,48.5623184732,45.7895412461,43.291934906,42.929792151,40.6626014004,44.6247763295,44.6596877243,..,..,..,..,..
TUR,..,..,..,..,..,..,..,..,..,..,..,..,..,..,..,..,..,..,..,..,..,..,..,..,..,..,..,..,..,..,30.2454942017,32.1299111324,34.017275062,33.6982232562,44.0175057105,35.8414007649,37.9207501444,44.2932887174,30.3184574599,..,..,..,..,..,..,..,..,..,41.5459511266,50.4730898781,47.4324456804,42.3601055939,39.2866761472,32.9184777565,31.5638493876,29.1025239929,..,..
TKM,..,..,..,..,..,..,..,..,..,..,..,..,..,..,..,..,..,..,..,..,..,..,..,..,..,..,..,..,..,..,..,..,..,..,..,..,..,..,..,..,..,..,..,..,..,..,..,..,..,..,..,..,..,..,..,..,..,..
TCA,..,..,..,..,..,..,..,..,..,..,..,..,..,..,..,..,..,..,..,..,..,..,..,..,..,..,..,..,..,..,..,..,..,..,..,..,..,..,..,..,..,..,..,..,..,..,..,..,..,..,..,..,..,..,..,..,..,..
TUV,..,..,..,..,..,..,..,..,..,..,..,..,..,..,..,..,..,..,..,..,..,..,..,..,..,..,..,..,..,..,..,..,..,..,..,..,..,..,..,..,..,..,..,..,..,..,..,..,..,..,..,..,..,..,..,..,..,..
UGA,..,..,..,..,..,..,..,..,..,..,..,..,..,..,..,..,..,..,..,..,..,..,..,..,..,..,..,..,..,..,..,..,..,..,..,..,..,..,57.046993164,46.4462408362,42.9265884593,..,..,..,69.3423614439,64.9470689674,57.9277474414,26.4924032713,33.1931998927,24.3811604794,27.552595153,35.0153294808,32.8175018843,..,29.2286673591,25.1545974486,..,..
UKR,..,..,..,..,..,..,..,..,..,..,..,..,..,..,..,..,..,..,..,..,..,..,..,..,..,..,..,..,..,..,..,..,..,..,..,..,..,..,..,60.9764481812,45.2874698653,36.5491454038,33.5366458527,29.0013903435,24.7458658468,17.7021767599,14.8025563858,12.3131516474,13.8267043297,24.8751238579,29.9695556383,27.482759496,33.703100161,37.0287155729,63.6653191885,70.2588376219,..,..
ARE,..,..,..,..,..,..,..,..,..,..,..,..,..,..,..,..,..,..,..,..,..,..,..,..,..,..,..,..,..,..,..,..,..,..,..,..,..,..,..,..,..,..,..,..,..,..,..,..,..,..,..,..,..,1.891971725,..,..,..,..
GBR,..,..,..,..,..,..,..,..,..,..,..,..,..,..,..,..,..,..,..,..,..,..,..,..,..,..,..,..,..,..,30.2033709453,29.1948960285,30.3997500632,35.3135500061,40.4800884599,44.631899274,44.3292641953,45.271208014,46.7498990113,43.6197433424,43.1047228002,38.8270307655,39.380395889,39.3988807589,42.7365400797,44.5375245477,44.0610478936,45.0895884094,55.6514551364,70.0411791302,83.4067967024,97.1724660592,101.5218107703,97.514548194,108.6049778324,107.6283404727,..,..
USA,..,..,..,..,..,..,..,..,..,..,..,..,..,..,..,..,..,..,..,..,..,..,..,..,..,..,..,..,..,39.0169632746,40.8213674886,43.9480256292,45.9165424306,48.1047485883,47.2140603974,47.0597829349,46.5855106558,43.9588012567,41.0099142188,37.6122701805,33.158223429,51.9936971277,53.5029060314,55.968653432,56.3840537395,56.2891265634,55.294160865,55.6342869536,64.0318000742,76.3153213329,85.60159424,90.1787970893,94.3979095347,96.6088043406,97.1084802982,97.8391384031,99.7688740973,..
UMC,..,..,..,..,..,..,..,..,..,..,..,..,..,..,..,..,..,..,..,..,..,..,..,..,..,..,..,..,..,..,..,..,..,..,..,..,..,..,..,..,..,..,..,..,..,..,..,..,..,..,..,..,..,..,..,..,..,..
URY,..,..,..,..,..,..,..,..,..,..,..,..,..,..,..,..,..,..,..,..,..,..,..,..,..,..,..,..,..,..,31.5959630364,24.5905757591,23.6047773194,21.8791430371,24.5301880718,..,..,..,..,..,..,40.6433348597,95.2678607204,105.6027808522,85.4255941237,76.114459708,69.0268963477,58.5120605624,57.2526825626,49.2733291929,44.2227017437,45.3514512307,43.4034504473,42.7408509975,44.3579613374,51.1864800277,..,..
UZB,..,..,..,..,..,..,..,..,..,..,..,..,..,..,..,..,..,..,..,..,..,..,..,..,..,..,..,..,..,..,..,..,..,..,..,..,..,..,..,..,..,..,..,..,..,..,..,..,..,..,..,..,..,..,..,..,..,..
VUT,..,..,..,..,..,..,..,..,..,..,..,..,..,..,..,..,..,..,..,..,..,..,..,..,..,..,..,..,..,..,24.9665623989,..,..,..,..,25.7788963887,23.8143915885,24.8937605396,28.4022961014,27.3040009251,..,..,..,..,..,..,..,..,..,..,..,..,..,..,..,..,..,..
VEN,..,..,..,..,..,..,..,..,..,..,..,..,..,..,..,..,..,..,..,..,..,..,..,..,..,..,..,..,..,..,..,..,..,..,..,..,..,..,..,..,..,..,..,..,..,..,..,..,..,..,..,..,..,..,..,..,..,..
VNM,..,..,..,..,..,..,..,..,..,..,..,..,..,..,..,..,..,..,..,..,..,..,..,..,..,..,..,..,..,..,..,..,..,..,..,..,..,..,..,..,..,..,..,..,..,..,..,..,..,..,..,..,..,..,..,..,..,..
VIR,..,..,..,..,..,..,..,..,..,..,..,..,..,..,..,..,..,..,..,..,..,..,..,..,..,..,..,..,..,..,..,..,..,..,..,..,..,..,..,..,..,..,..,..,..,..,..,..,..,..,..,..,..,..,..,..,..,..
PSE,..,..,..,..,..,..,..,..,..,..,..,..,..,..,..,..,..,..,..,..,..,..,..,..,..,..,..,..,..,..,..,..,..,..,..,..,..,..,..,..,..,..,..,..,..,..,..,..,..,..,..,..,..,..,..,..,..,..
WLD,..,..,..,..,..,..,..,..,..,..,..,..,..,..,..,..,..,..,..,..,..,..,..,..,..,..,..,..,..,..,..,41.4214014767,43.0506539783,..,..,..,53.4188341476,54.2169253807,57.8269106519,55.8162815703,52.6840504261,58.981948191,60.3329602344,62.8675140693,62.9887438703,62.6303555792,60.6837728083,59.7817049142,63.7579952907,73.3842401726,77.8052616077,81.8486604131,85.9364519196,86.5278925953,92.214776304,93.9308417356,..,..
YEM,..,..,..,..,..,..,..,..,..,..,..,..,..,..,..,..,..,..,..,..,..,..,..,..,..,..,..,..,..,..,..,..,..,..,..,..,..,..,..,..,..,..,..,..,..,..,..,..,..,..,..,..,..,..,..,..,..,..
ZMB,..,..,..,..,..,..,..,..,..,..,..,..,..,..,..,..,..,..,..,..,..,..,..,..,..,..,..,..,..,..,244.380536439,277.5303079865,164.7007535589,161.7860768691,149.2098898585,155.2792246143,175.9344907366,150.0725489428,161.2321578519,..,..,..,..,..,..,..,..,..,..,..,..,..,..,..,..,..,..,..
ZWE,..,..,..,..,..,..,..,..,..,..,..,..,..,..,..,..,..,..,..,..,..,..,..,..,..,..,..,..,..,..,48.4404956993,54.9036239705,59.3143780924,58.9767183387,55.434392999,77.0882128288,62.1851060073,57.4067978726,..,..,..,..,..,..,..,..,..,..,..,..,..,..,..,..,..,..,..,..
